Cycle,Time,82Kr,83Kr,84Sr,85Rb,86Sr,87Sr,88Sr,87Sr/86Sr (5),87Sr/86Sr (8),88Sr/86Sr (9)
1,20:38:56:532,3.69E-05,5.28E-05,0.000126447,-3.79E-05,1.34E-05,4.38E-05,-0.000113252,,3.277258063,-8.464956866
2,20:38:57:059,9.63E-05,2.06E-06,0.000127157,1.61E-05,-4.92E-06,-3.96E-05,-4.81E-05,,8.047832662,9.765269323
3,20:38:57:585,-4.62E-05,7.59E-05,0.000134255,1.94E-05,7.93E-05,-1.58E-05,-0.000149046,,-0.198774441,-1.879269711
4,20:38:58:111,2.67E-05,-4.89E-05,2.94E-05,-2.89E-05,-4.93E-05,6.93E-05,-0.000170617,,-1.407282402,3.463324978
5,20:38:58:638,4.00E-06,4.83E-05,6.33E-05,4.13E-05,-7.97E-06,3.94E-05,-9.12E-05,-0.89580429,-4.943057945,11.44126593
6,20:38:59:166,3.00E-05,-5.32E-05,6.30E-05,5.44E-05,1.62E-05,5.60E-05,-0.000165402,,3.458142663,-10.21350532
7,20:38:59:693,1.99E-05,5.15E-06,9.64E-05,7.63E-05,2.84E-05,-8.33E-05,1.76E-05,,-2.934311877,0.620130489
8,20:39:00:219,-2.72E-05,-4.22E-05,-0.000100418,4.21E-06,4.55E-05,-1.76E-05,-0.000185076,,-0.387386925,-4.065544507
9,20:39:00:746,-4.12E-05,2.37E-05,0.000162173,-4.11E-06,4.51E-05,3.61E-05,-0.00017441,,0.801966783,-3.871137629
10,20:39:01:273,1.92E-05,2.53E-06,0.000142772,2.42E-05,-4.22E-06,-2.61E-05,-0.000131031,,6.176362724,31.06643439
11,20:39:01:799,0.000100108,1.35E-05,4.41E-05,-1.60E-05,-2.70E-05,-6.77E-05,-0.000182706,,2.50813864,6.772973608
12,20:39:02:325,-1.99E-05,-4.63E-05,1.67E-05,-3.41E-05,-0.000108619,0.000116787,-0.000183417,,-1.075206398,1.688634616
13,20:39:02:852,7.05E-05,2.94E-05,8.65E-05,-7.04E-08,-7.69E-05,-1.65E-05,-0.000248125,0.328139264,0.21399313,3.224603455
14,20:39:03:378,2.11E-06,3.11E-05,2.72E-06,8.32E-05,-8.12E-05,2.00E-06,-0.000208779,0.149545272,-0.024653706,2.572112001
15,20:39:03:906,-0.000129019,-2.84E-05,6.49E-05,-1.03E-05,1.18E-06,-3.38E-05,-0.000135061,,-28.64972805,-114.6012282
16,20:39:04:433,-3.25E-05,3.63E-05,2.68E-05,2.18E-05,-9.10E-05,1.09E-05,-8.22E-05,-0.334763469,-0.1195769,0.903040694
17,20:39:04:959,-2.06E-05,8.83E-05,-7.46E-05,2.25E-05,-7.74E-06,-8.38E-05,-0.000208542,0.837307015,10.82935237,26.9536476
18,20:39:05:486,-7.12E-06,6.95E-05,-8.22E-05,-1.93E-05,-4.72E-05,-2.58E-05,-5.30E-05,1.393237765,0.547515485,1.124849798
19,20:39:06:013,-4.10E-05,3.16E-05,-5.55E-05,7.61E-05,-2.44E-05,1.18E-05,-6.61E-05,-0.280016833,-0.484501966,2.708672795
20,20:39:06:539,2.65E-05,2.71E-05,4.44E-05,5.44E-05,8.56E-05,-4.31E-05,-0.000231771,,-0.503406248,-2.706145687
21,20:39:07:067,2.20E-05,2.06E-05,6.61E-05,-2.62E-05,-0.000123398,0.000122632,-0.000130083,,-0.993794378,1.054172864
22,20:39:07:594,4.23E-05,-9.80E-05,-1.93E-05,2.66E-05,4.69E-05,2.33E-05,-0.000194795,,0.495923804,-4.15066736
23,20:39:08:120,3.10E-05,1.06E-05,6.38E-05,6.84E-05,1.31E-05,-2.56E-05,-0.00012866,,-1.946309601,-9.788288424
24,20:39:08:647,4.19E-05,8.25E-06,1.43E-05,-2.15E-05,-6.22E-05,1.16E-05,-0.000149995,-0.41192757,-0.186361843,2.41275195
25,20:39:09:174,8.47E-05,-2.87E-05,-3.77E-05,6.73E-05,4.95E-05,-3.24E-05,-0.000198113,,-0.653620111,-4.001323518
26,20:39:09:700,-7.91E-05,8.66E-07,0.000124318,-1.53E-05,1.31E-05,-1.06E-05,-0.00020072,,-0.808118113,-15.27049058
27,20:39:10:226,-1.61E-05,-0.00011677,-2.25E-06,-1.70E-05,-7.67E-05,-6.65E-05,-0.000268746,,0.866739132,3.503265145
28,20:39:10:753,3.83E-05,6.37E-05,-1.95E-05,1.90E-05,-6.57E-05,-2.75E-05,-0.000179861,0.71944235,0.417939896,2.738179472
29,20:39:11:281,-2.60E-07,4.21E-05,1.93E-05,-2.96E-05,-6.10E-05,-4.08E-06,-0.000213046,0.003956006,0.066838372,3.492877193
30,20:39:11:806,-9.96E-06,2.25E-05,1.15E-07,1.59E-05,4.01E-05,-8.47E-05,-0.000217075,,-2.111380781,-5.409765088
31,20:39:12:334,9.24E-07,6.99E-05,-2.85E-05,-7.59E-05,-3.17E-05,-6.46E-05,-0.000297187,0.930073157,2.040547441,9.384453184
32,20:39:12:860,1.32E-05,-1.10E-05,2.14E-05,-6.93E-05,3.31E-05,-4.31E-05,-0.000252629,,-1.303047618,-7.635134007
33,20:39:13:387,1.87E-06,1.56E-05,-4.85E-06,-5.03E-05,-8.21E-06,-0.000131003,-0.000171091,,15.96369874,20.84871919
34,20:39:13:914,-2.68E-05,1.32E-05,8.93E-05,-9.62E-05,-9.33E-07,-6.02E-05,-0.000178913,,64.49558361,191.7471508
35,20:39:14:440,-4.96E-07,-1.91E-05,1.53E-05,-5.07E-06,6.45E-05,1.07E-05,-0.000234141,,0.165051898,-3.628488944
36,20:39:14:967,1.82E-05,-4.82E-05,7.56E-05,4.61E-05,1.17E-05,4.22E-05,-0.000234378,,3.596435155,-19.96988094
37,20:39:15:493,-1.07E-05,1.44E-05,-6.68E-05,-4.19E-05,-4.13E-05,-0.000115343,-0.00021589,,2.793670494,5.228990687
38,20:39:16:019,-6.58E-05,-1.84E-05,-1.79E-05,1.85E-05,2.02E-05,-4.45E-05,-0.000250259,,-2.205672845,-12.39940562
39,20:39:16:546,1.32E-05,6.10E-06,7.25E-05,-1.41E-05,-4.20E-05,1.49E-05,-0.000214705,-0.523401571,-0.353847381,5.113120952
40,20:39:17:072,-6.16E-05,3.18E-05,-1.21E-07,3.28E-05,8.87E-05,5.53E-05,-0.00014715,,0.623490555,-1.659029186
41,20:39:17:600,4.26E-05,1.47E-05,-2.28E-05,-1.51E-05,-0.00013677,4.01E-05,-7.34E-05,,-0.293236632,0.536865204
42,20:39:18:127,6.39E-05,4.18E-05,7.98E-05,8.49E-06,6.85E-05,-3.03E-05,-0.000296476,,-0.441612424,-4.327019776
43,20:39:18:653,-7.17E-05,5.02E-05,3.32E-05,4.89E-05,2.58E-05,2.44E-05,-0.000174647,,0.946883925,-6.765537456
44,20:39:19:180,4.87E-05,-4.96E-05,5.12E-05,8.26E-06,-5.56E-05,-4.36E-05,-0.000228453,,0.783876998,4.108977336
45,20:39:19:707,5.99E-05,1.58E-06,-1.31E-05,-3.38E-05,-5.75E-05,6.11E-05,-0.000258791,,-1.063864927,4.502652584
46,20:39:20:233,6.91E-05,8.71E-05,-1.17E-05,2.68E-05,-0.000104865,9.25E-05,-9.81E-05,,-0.881829651,0.935306344
47,20:39:20:760,7.08E-06,1.32E-05,6.28E-05,6.34E-05,-5.54E-05,7.26E-05,-0.000129609,,-1.311348937,2.341037178
48,20:39:21:286,-1.92E-06,-5.87E-05,-8.87E-06,-3.50E-05,-0.000100173,-0.000112304,-0.000174884,,1.121101454,1.745816365
49,20:39:21:814,-3.81E-05,2.30E-05,3.63E-05,-8.87E-06,6.57E-06,-4.90E-05,-0.000279411,,-7.446353627,-42.4969825
50,20:39:22:341,-7.84E-05,-2.23E-06,3.90E-06,2.51E-05,-3.52E-05,-4.01E-05,-0.00028747,1.546255244,1.138934636,8.169717065
51,20:39:22:868,-1.21E-06,-2.94E-05,4.10E-05,4.37E-05,7.51E-06,-5.01E-06,-0.000198824,,-0.667056395,-26.46279231
52,20:39:23:394,-5.47E-05,-2.22E-05,2.38E-05,-0.000107108,-7.37E-05,2.00E-06,-0.00032231,-0.700324094,-0.027166267,4.37545527
53,20:39:23:921,-2.49E-05,3.06E-05,4.41E-05,8.73E-06,6.81E-06,-3.38E-05,-0.000239356,,-4.958459287,-35.15036998
54,20:39:24:447,-8.31E-06,-2.89E-05,7.58E-05,-1.10E-05,-5.96E-05,-3.24E-05,-0.000223001,,0.543106742,3.742460235
55,20:39:24:973,2.15E-05,-2.71E-06,-6.87E-05,3.04E-05,5.42E-09,-0.000113473,-0.000240541,,,
56,20:39:25:500,5.92E-05,-2.39E-05,-5.94E-07,2.82E-05,-4.15E-05,-3.33E-05,-0.000225608,,0.80191632,5.43349229
57,20:39:26:028,-1.54E-05,2.49E-05,0.000236942,-2.20E-05,2.72E-05,-1.90E-05,-0.000396962,,-0.699348988,-14.58244333
58,20:39:26:554,5.42E-05,4.92E-05,5.50E-05,-2.24E-05,6.24E-05,6.28E-05,-0.000201906,,1.00585697,-3.23479395
59,20:39:27:081,-5.56E-05,-4.60E-05,-5.50E-05,3.28E-05,-0.000112137,1.98E-05,-0.000300742,-0.257401874,-0.176279941,2.681906834
60,20:39:27:608,3.31E-05,-8.42E-06,7.21E-06,4.18E-05,-8.07E-05,-0.000133808,-0.000211861,,1.658066145,2.625248941
61,20:39:28:134,1.37E-05,-3.72E-05,-7.65E-05,-5.93E-05,7.30E-05,1.91E-05,-0.000252155,,0.261269414,-3.455332086
62,20:39:28:661,-2.30E-05,-9.30E-05,-1.46E-05,-1.79E-05,-0.000158352,2.98E-05,-0.000231771,,-0.188313747,1.463647027
63,20:39:29:187,-6.13E-05,-1.18E-05,-1.21E-07,5.94E-05,3.61E-05,-0.000105526,-0.000285574,,-2.920086955,-7.902342867
64,20:39:29:715,6.15E-05,-1.01E-05,-2.66E-05,5.37E-05,-5.77E-05,9.46E-05,-0.000217312,,-1.638838221,3.765601261
65,20:39:30:242,-6.84E-05,2.68E-05,2.90E-05,4.08E-05,-6.10E-05,-0.000114408,-0.00026045,,1.875710207,4.270069782
66,20:39:30:768,-7.39E-05,5.54E-05,-5.24E-05,-4.07E-05,-7.95E-05,-4.31E-05,-0.000186261,0.885671986,0.542132219,2.342080394
67,20:39:31:295,-4.05E-06,-7.80E-05,4.41E-05,3.89E-05,6.48E-05,2.96E-05,-0.000300268,,0.456833857,-4.636402806
68,20:39:31:822,5.82E-05,6.85E-05,-2.64E-05,1.40E-05,-3.31E-05,3.17E-06,-0.000277752,-0.007774747,-0.09584029,8.397470329
69,20:39:32:348,-0.000122629,-1.06E-05,-8.16E-06,-4.38E-05,-1.34E-05,-4.64E-05,-0.000270879,,3.470046869,20.26332892
70,20:39:32:875,-3.77E-05,3.30E-05,-1.81E-05,-2.34E-05,-0.00013372,-3.73E-05,-0.000309274,0.488060621,0.278723317,2.312851245
71,20:39:33:401,1.77E-05,9.26E-05,6.59E-05,0.000101031,-5.63E-06,-9.83E-05,-0.000181521,1.645838525,17.47041475,32.26753437
72,20:39:33:929,-3.67E-05,1.58E-06,-0.00016097,4.21E-06,-4.27E-05,8.55E-06,-0.00023817,-0.212577264,-0.200179748,5.578437541
73,20:39:34:456,-4.64E-05,4.90E-05,-1.90E-05,-5.30E-06,-5.42E-05,-0.000159752,-0.000281781,,2.947959249,5.19980859
74,20:39:34:982,-5.42E-05,-5.22E-05,4.48E-05,-1.34E-05,-2.81E-05,-1.27E-06,-0.00034672,,0.045173413,12.31741269
75,20:39:35:509,-6.46E-05,2.68E-05,1.38E-05,2.97E-05,-7.79E-05,1.28E-05,-0.000279174,-0.156912652,-0.163758389,3.584398928
76,20:39:36:036,1.70E-05,-7.39E-05,4.79E-05,0.000101982,-8.52E-05,-9.17E-05,-0.000260213,,1.077222863,3.055629362
77,20:39:36:562,-0.000100854,-5.80E-06,4.20E-05,-2.39E-05,-7.81E-05,-1.16E-05,-0.000300268,0.139236245,0.147940883,3.843650941
78,20:39:37:088,2.34E-05,5.06E-05,-3.09E-05,6.65E-05,3.76E-06,3.43E-05,-0.000168484,,9.113613448,-44.81694455
79,20:39:37:615,6.29E-05,5.42E-05,1.27E-05,-6.67E-05,-5.28E-05,-5.95E-05,-0.000286285,0.94353653,1.126830141,5.423795818
80,20:39:38:141,3.22E-05,-7.77E-05,-3.16E-05,-0.000206285,1.99E-05,1.67E-05,-0.000275382,,0.838588572,-13.80467039
81,20:39:38:669,0.000133725,5.39E-06,-2.26E-05,3.11E-05,-5.58E-05,3.10E-05,-0.000268509,-0.565023717,-0.555023943,4.809140753
82,20:39:39:196,2.03E-05,3.61E-05,9.10E-05,-6.41E-05,-0.000117533,0.000104163,-0.000289129,,-0.886239743,2.459977154
83,20:39:39:723,8.99E-05,2.42E-05,-2.01E-06,5.56E-05,-5.79E-05,-6.65E-06,-0.000291262,0.348444375,0.114733619,5.026568471
84,20:39:40:249,0.000127569,8.87E-05,0.000109176,-3.62E-05,2.25E-05,4.36E-05,-0.000168484,,1.935806597,-7.478401196
85,20:39:40:776,-4.05E-06,0.000131614,2.48E-06,3.73E-05,-6.10E-05,2.77E-05,-0.000283204,-0.395885779,-0.454399717,4.643109074
86,20:39:41:302,8.66E-05,7.53E-06,-6.42E-05,-8.88E-05,-1.24E-05,-6.60E-05,-0.000304297,0.796676341,5.311783337,24.48193546
87,20:39:41:828,7.50E-05,-5.56E-05,4.74E-05,0.000109119,2.89E-05,1.30E-06,-0.000243859,,0.045033137,-8.448454574
88,20:39:42:355,-5.26E-05,-5.06E-05,3.32E-05,-4.11E-06,-0.000120348,-0.000126796,-0.000252155,2.205220173,1.053574681,2.095208295
89,20:39:42:883,1.32E-05,4.04E-05,-1.62E-05,4.89E-05,3.29E-06,-3.56E-05,-0.000309274,,-10.8307501,-94.00067627
90,20:39:43:408,-7.55E-05,-3.56E-05,0.000123845,3.18E-05,3.33E-05,-8.96E-05,-0.000316859,,-2.689825415,-9.508907216
91,20:39:43:934,-5.33E-05,-5.89E-05,9.50E-05,0.000107454,-7.04E-05,-5.64E-05,-0.000205461,,0.80193084,2.919365874
92,20:39:44:462,2.41E-05,-3.46E-05,-3.96E-05,-6.41E-05,-4.43E-05,-6.60E-05,-0.000308089,,1.489104744,6.948791506
93,20:39:44:989,-1.80E-05,4.14E-05,3.37E-05,5.73E-05,-0.000140523,-4.03E-05,-0.000321836,0.611661448,0.286854809,2.290268733
94,20:39:45:516,2.58E-06,-8.84E-05,4.86E-05,2.66E-05,4.69E-05,-1.62E-05,-0.000227267,,-0.345880471,-4.842595995
95,20:39:46:042,-6.84E-05,-1.75E-06,9.31E-05,6.56E-05,-9.48E-05,4.64E-05,-0.000345772,-0.570158242,-0.489757103,3.648263899
96,20:39:46:569,6.01E-05,-9.61E-06,-1.69E-05,0.000105313,0.000107703,-9.59E-05,-0.000313777,,-0.890805806,-2.913365906
97,20:39:47:095,-1.23E-05,-3.30E-05,6.78E-05,1.92E-05,-0.000134893,1.23E-05,-0.000302875,-0.151045474,-0.091086628,2.245301347
98,20:39:47:623,4.59E-05,2.77E-06,8.62E-05,-9.82E-06,-8.66E-05,-3.14E-05,-0.000352645,0.488289958,0.36303898,4.073704412
99,20:39:48:150,1.18E-05,2.56E-05,1.64E-05,1.90E-05,-4.72E-05,-5.55E-05,-0.000274671,1.322875073,1.177113434,5.825172112
100,20:39:48:676,1.73E-05,6.35E-05,-3.13E-05,0.000109833,3.29E-06,-3.35E-05,-0.000294106,,-10.19131566,-89.39039842
101,20:39:49:203,-9.49E-06,-8.18E-05,0.000131179,3.73E-05,2.82E-06,-3.75E-05,-0.000311407,,-13.29534514,-110.3935507
102,20:39:49:730,7.31E-05,-7.08E-05,-5.80E-06,4.05E-07,-3.28E-06,-8.28E-06,-0.000289366,,2.526324208,88.24058505
103,20:39:50:256,3.15E-05,-0.000123913,0.000102315,-1.27E-05,-6.69E-05,-7.54E-05,-0.000323258,,1.127327261,4.834875535
104,20:39:50:782,4.24E-06,8.49E-06,3.91E-05,3.20E-05,-6.03E-05,-2.96E-05,-0.000147861,1.001524773,0.49024013,2.452476383
105,20:39:51:309,-5.94E-06,3.66E-05,-3.20E-06,5.44E-05,2.93E-05,-2.25E-05,-0.000275382,,-0.768540462,-9.38794711
106,20:39:51:837,-1.35E-05,-5.32E-05,-6.38E-05,-2.01E-05,-0.000145449,-6.02E-05,-0.0004254,0.716697858,0.413744082,2.924727645
107,20:39:52:364,2.41E-05,-1.91E-05,-5.48E-05,-3.17E-05,3.82E-05,7.80E-05,-0.000359281,,2.0386732,-9.393087494
108,20:39:52:891,-8.48E-05,-2.77E-05,-5.36E-05,-2.31E-05,6.76E-05,2.49E-05,-0.000259502,,0.368614815,-3.839992272
109,20:39:53:417,2.11E-06,7.49E-05,3.30E-05,8.97E-06,-9.85E-06,-9.71E-05,-0.000364258,0.549908198,9.860329053,36.98556857
110,20:39:53:944,2.86E-05,1.97E-05,2.00E-05,-6.91E-05,7.46E-05,-4.83E-05,-0.000328235,,-0.646726166,-4.398866454
111,20:39:54:470,3.76E-06,-2.82E-05,0.000142536,-7.31E-05,-1.95E-05,8.22E-05,-0.000311407,,-4.22161478,15.99585856
112,20:39:54:996,4.31E-05,1.90E-05,5.52E-05,4.25E-05,-0.000154833,4.62E-05,-0.000309748,-0.557930856,-0.29828333,2.000534223
113,20:39:55:523,3.52E-05,-7.84E-05,3.58E-05,-2.81E-05,2.11E-05,-3.26E-05,-0.000308326,,-1.543239954,-14.59767305
114,20:39:56:049,8.03E-06,-1.06E-05,6.75E-05,2.82E-05,-2.28E-05,3.05E-05,-0.000274671,,-1.341431444,12.07205525
115,20:39:56:577,-1.87E-05,1.97E-05,-9.00E-05,2.42E-05,5.17E-06,-0.000141989,-0.000316859,,-27.47929231,-61.32216439
116,20:39:57:104,-8.07E-06,-5.80E-06,0.000115801,3.87E-05,-2.74E-05,6.11E-05,-0.000302401,,-2.227947165,11.0184628
117,20:39:57:631,-0.000114108,1.13E-05,5.69E-05,0.000112926,-6.69E-05,8.55E-05,-0.00027396,,-1.278193289,4.097546411
118,20:39:58:157,2.20E-05,-1.39E-05,9.26E-05,1.92E-05,-1.64E-06,-8.31E-05,-0.000378477,,50.75724986,231.2111681
119,20:39:58:684,4.80E-05,9.83E-05,0.000132126,0.000106502,7.51E-05,-6.88E-06,-0.000267087,,-0.091652606,-3.557016696
120,20:39:59:210,1.37E-05,-8.11E-05,-8.40E-06,8.53E-05,-3.03E-05,0.000129412,-0.000280596,,-4.276630635,9.272746199
121,20:39:59:737,-4.55E-05,-9.14E-06,0.000103025,5.06E-05,-6.64E-05,-1.03E-07,-0.00022229,0.203316869,0.001547621,3.348227009
122,20:40:00:265,-7.33E-07,-5.94E-05,0.000100186,4.23E-05,7.98E-06,1.42E-05,-0.000270405,,1.773495832,-33.87431441
123,20:40:00:791,-1.40E-05,-2.23E-06,-3.96E-05,-2.05E-05,1.92E-05,-6.81E-05,-0.000400991,,-3.540025174,-20.83654612
124,20:40:01:318,-2.49E-05,8.01E-06,7.82E-05,-7.50E-05,8.69E-06,4.48E-05,-0.000343639,,5.155307053,-39.56033595
125,20:40:01:845,-6.77E-05,-1.25E-05,-4.22E-05,5.40E-06,6.19E-05,-8.00E-05,-0.000388668,,-1.29218283,-6.274144357
126,20:40:02:371,-4.95E-05,-4.94E-05,3.06E-05,-4.83E-06,-0.000171723,-5.27E-05,-0.000288892,0.697141355,0.30688256,1.682314498
127,20:40:02:898,-4.43E-05,-4.22E-05,-2.64E-05,-8.88E-05,5.51E-05,1.25E-05,-0.000283678,,0.227058525,-5.144389512
128,20:40:03:424,2.58E-06,8.72E-06,0.000101606,5.13E-05,-6.01E-05,-0.000178918,-0.000331553,,2.979182411,5.520728492
129,20:40:03:952,0.000142484,-5.63E-05,9.95E-05,-3.08E-07,2.42E-05,3.96E-05,-0.000305245,,1.639860164,-12.62817598
130,20:40:04:479,2.27E-05,3.89E-07,1.01E-05,1.12E-06,-8.21E-06,1.77E-06,-0.000317096,-0.016963288,-0.215368893,38.64043757
131,20:40:05:005,-6.61E-05,-7.03E-05,9.17E-05,-2.15E-05,-3.61E-05,-5.04E-05,-0.000250496,,1.394055164,6.934000275
132,20:40:05:532,-3.10E-05,7.30E-06,2.01E-06,-1.50E-06,-8.77E-05,-6.41E-06,-0.00028747,0.111760089,0.0731077,3.276409697
133,20:40:06:059,5.18E-06,1.90E-05,3.80E-05,0.000109119,7.39E-05,-5.48E-05,-0.000397199,,-0.741435517,-5.373796928
134,20:40:06:585,6.10E-05,4.47E-05,0.000141353,-8.40E-05,-0.000150376,1.91E-05,-0.000337478,-0.34172224,-0.126790884,2.244228962
135,20:40:07:111,-2.25E-05,-6.03E-05,7.68E-05,1.59E-06,-6.40E-05,-2.77E-05,-0.000364021,,0.432306824,5.683895965
136,20:40:07:638,-5.12E-05,0.000171866,-5.97E-05,4.92E-06,0.000307173,1.67E-05,0.000908489,,0.054459701,2.957578067
137,20:40:08:164,-4.22E-05,4.18E-05,0.000185597,0.000124345,0.002726088,0.001858226,0.022896887,0.670668219,0.68164568,8.399174888
138,20:40:08:692,-8.43E-05,4.71E-05,0.00075527,6.11E-05,0.013949609,0.010126246,0.121342003,0.712388558,0.725916096,8.698595408
139,20:40:09:219,-2.75E-05,1.83E-05,0.001535639,0.000259007,0.027870365,0.020283522,0.242275633,0.710972526,0.727780986,8.69294789
140,20:40:09:745,3.03E-05,7.85E-05,0.001826628,0.000195243,0.034961406,0.025419672,0.304930946,0.711447174,0.727078076,8.721930328
141,20:40:10:272,3.76E-05,-4.56E-05,0.002057727,0.000145519,0.038508874,0.028090754,0.336283377,0.712115626,0.72946184,8.732620243
142,20:40:10:799,-2.49E-05,1.35E-05,0.002023592,0.000115067,0.038403583,0.02804329,0.336143591,0.713200981,0.730225879,8.752922613
143,20:40:11:325,-1.75E-05,7.04E-05,0.002089729,0.000230931,0.038380373,0.028077227,0.336125565,0.713953472,0.731551701,8.757746244
144,20:40:11:851,6.67E-05,2.94E-05,0.002077402,0.000222366,0.037583406,0.027330413,0.32814515,0.71022147,0.727193617,8.731117831
145,20:40:12:378,-0.000113398,-1.46E-05,0.00188185,4.70E-05,0.035297854,0.025716999,0.309321383,0.711383658,0.728571188,8.763178247
146,20:40:12:904,7.60E-05,6.54E-05,0.001751029,0.000182157,0.032365787,0.023632672,0.283401909,0.712928723,0.730174493,8.756218587
147,20:40:13:431,3.57E-05,-5.68E-05,0.001674962,0.00013624,0.030829213,0.022476062,0.270705583,0.709108138,0.729050772,8.780813817
148,20:40:13:957,2.96E-05,9.68E-05,0.001598664,6.32E-05,0.030492918,0.022197342,0.265882705,0.714330791,0.727950751,8.719490397
149,20:40:14:485,4.71E-06,-8.27E-05,0.001641788,0.000167644,0.031074296,0.022639689,0.271685688,0.709349759,0.728566431,8.743100219
150,20:40:15:012,-1.19E-05,-4.01E-05,0.001704819,0.000234738,0.030954608,0.022511528,0.270726599,0.70783922,0.727243184,8.745922308
151,20:40:15:538,4.00E-06,-5.65E-05,0.001737758,0.000130768,0.029676364,0.021599034,0.258899425,0.710212937,0.727819411,8.724095146
152,20:40:16:065,-4.19E-05,5.87E-06,0.001523082,0.00012268,0.029071936,0.021167671,0.254104412,0.711075644,0.728113561,8.740539675
153,20:40:16:592,-1.19E-05,-7.25E-05,0.001477357,7.11E-05,0.028778022,0.02100445,0.251653955,0.711792399,0.729878159,8.74465782
154,20:40:17:118,-5.59E-05,-5.77E-05,0.001594399,7.06E-05,0.029378338,0.021342996,0.257454312,0.708045698,0.726487537,8.763406346
155,20:40:17:644,-2.04E-05,-4.85E-06,0.001485886,0.000110071,0.029247897,0.021185414,0.254714811,0.708657001,0.724339738,8.708824789
156,20:40:18:171,4.52E-05,-5.13E-05,0.001638708,0.000179778,0.028751567,0.020999246,0.251660634,0.71085425,0.730368753,8.752936351
157,20:40:18:697,6.01E-05,0.000213073,0.001549381,7.87E-05,0.030508407,0.022093581,0.264885841,0.714156436,0.724180098,8.682388366
158,20:40:19:223,-6.49E-05,-1.99E-06,0.001646053,0.000166217,0.030945072,0.02260611,0.270685644,0.712551326,0.730523759,8.747294057
159,20:40:19:750,6.37E-06,-3.32E-05,0.001658612,0.000121728,0.03167319,0.023171191,0.277135557,0.713516684,0.731571125,8.749846613
160,20:40:20:276,-0.000105825,-3.56E-05,0.001783259,0.00018406,0.031716613,0.023138541,0.277722832,0.710449481,0.729540104,8.756383747
161,20:40:20:804,8.09E-05,7.04E-05,0.001670697,0.000183347,0.030598013,0.022246745,0.266655066,0.711598654,0.727065023,8.714783754
162,20:40:21:329,3.17E-05,-9.61E-06,0.001680175,0.000206187,0.030325408,0.022093581,0.265678747,0.709354344,0.728550177,8.760928994
163,20:40:21:857,-8.07E-06,7.02E-05,0.001661218,0.00016241,0.030657119,0.022165433,0.26707467,0.708013076,0.723010961,8.711668914
164,20:40:22:384,4.71E-06,0.000123278,0.001795345,0.000230455,0.032192713,0.023392912,0.281176664,0.710810659,0.726652412,8.734171225
165,20:40:22:910,-2.58E-05,-1.06E-05,0.001713587,0.000245445,0.0334037,0.02430753,0.290403833,0.71107259,0.727689754,8.693762469
166,20:40:23:437,-2.63E-05,2.73E-05,0.00188185,0.000130768,0.033626524,0.024477619,0.293436329,0.711952533,0.727925939,8.726335366
167,20:40:23:963,4.31E-05,-2.32E-05,0.001795819,0.000280421,0.032370562,0.023539176,0.283156182,0.70761505,0.72717846,8.747335915
168,20:40:24:490,0.00011881,3.42E-05,0.001742735,0.000453657,0.03322492,0.024240024,0.290148305,0.709564971,0.729573591,8.732852004
169,20:40:25:016,-3.74E-05,-4.61E-06,0.001760982,0.000210945,0.032553458,0.023722153,0.2844463,0.710690605,0.728713779,8.737821304
170,20:40:25:542,-9.25E-06,2.54E-05,0.001876162,9.84E-05,0.03260265,0.023680016,0.284558459,0.710633483,0.726321816,8.72807762
171,20:40:26:069,-3.60E-05,-7.20E-05,0.001695815,0.000252345,0.032589038,0.023772816,0.284792566,0.709738643,0.729472758,8.738906709
172,20:40:26:595,1.47E-05,-8.20E-05,0.001793923,8.06E-05,0.032397541,0.023577047,0.283441966,0.709518458,0.72774186,8.748872866
173,20:40:27:123,1.73E-05,0.000109226,0.001699843,0.000115543,0.031048784,0.022540847,0.270854592,0.711774421,0.725981651,8.723516912
174,20:40:27:650,-8.43E-05,-7.68E-05,0.001732782,0.000302788,0.031852857,0.02313168,0.278099832,0.706080562,0.726204243,8.730765775
175,20:40:28:176,1.75E-05,-1.25E-05,0.001687047,0.000163362,0.031260771,0.022754623,0.273162435,0.710225782,0.727897038,8.738186022
176,20:40:28:703,1.16E-05,-7.75E-05,0.001732071,0.000109833,0.032631306,0.02375577,0.284580133,0.71066707,0.728005488,8.721076925
177,20:40:29:229,-3.84E-05,-7.22E-05,0.001792264,9.58E-05,0.032504508,0.023652793,0.284306523,0.709537051,0.727677325,8.746679906
178,20:40:29:756,3.69E-05,-6.15E-05,0.001692971,0.000196194,0.03208387,0.023362621,0.280620496,0.708956826,0.72817341,8.746466605
179,20:40:30:282,4.47E-05,-2.32E-05,0.001742735,0.000108881,0.031793919,0.023090514,0.277808491,0.709159878,0.726255661,8.737787005
180,20:40:30:809,6.86E-05,0.000117086,0.001755058,7.01E-05,0.033315681,0.024341404,0.29172015,0.715638677,0.730629021,8.756241466
181,20:40:31:335,-4.52E-05,5.78E-05,0.00177923,0.000204759,0.033458328,0.024407259,0.292035129,0.713035336,0.729482318,8.728324062
182,20:40:31:862,-9.96E-06,-3.82E-05,0.001860282,0.000135764,0.034231072,0.02486173,0.298910456,0.708998103,0.726291309,8.732138431
183,20:40:32:388,9.77E-05,2.04E-05,0.001818333,8.01E-05,0.034977891,0.025286187,0.305267151,0.707502219,0.72291915,8.727431577
184,20:40:32:916,-7.36E-06,1.78E-05,0.00191598,0.000168834,0.035913932,0.025896954,0.312558412,0.70570344,0.721083791,8.7029851
185,20:40:33:442,5.13E-05,-0.000103911,0.001982584,0.000163362,0.035204411,0.025654733,0.30771319,0.70974798,0.728736318,8.740756608
186,20:40:33:969,5.18E-06,-3.82E-05,0.001845114,0.000170023,0.034622682,0.025250452,0.302602374,0.711255962,0.729303759,8.740003746
187,20:40:34:496,-9.94E-05,-2.53E-05,0.001856253,0.000226886,0.03466639,0.025265362,0.302890389,0.710454994,0.728814323,8.73729249
188,20:40:35:022,3.64E-05,6.75E-05,0.001853646,0.000174782,0.034283596,0.025094276,0.299862556,0.715259046,0.731961598,8.746531606
189,20:40:35:549,-7.34E-05,1.04E-05,0.001923802,0.00016931,0.035147298,0.025467484,0.306052575,0.708794634,0.724592939,8.707712646
190,20:40:36:075,-7.83E-06,1.16E-05,0.001873792,0.000223555,0.034210301,0.025017454,0.299469023,0.712797188,0.731284236,8.753767449
191,20:40:36:601,-1.19E-05,1.52E-05,0.001841322,0.000234976,0.034120302,0.024769302,0.297532397,0.708873387,0.725940296,8.720098531
192,20:40:37:128,-8.31E-06,-3.27E-05,0.001765248,0.000110785,0.033705742,0.02449373,0.29463032,0.709364391,0.726693092,8.741250196
193,20:40:37:654,-5.47E-06,7.68E-05,0.001694393,0.000131006,0.032054513,0.023356468,0.279927831,0.713218713,0.728648354,8.732868021
194,20:40:38:181,2.11E-06,1.21E-05,0.001622121,0.000125059,0.031241455,0.022614387,0.271776068,0.708795045,0.723858316,8.69921302
195,20:40:38:709,7.53E-05,0.000106845,0.00173918,0.000183585,0.031933514,0.023192959,0.279236453,0.71032156,0.726288965,8.744307
196,20:40:39:235,1.09E-05,-6.10E-05,0.001647949,0.00016241,0.030241545,0.022023626,0.264155744,0.709754372,0.728257302,8.734862806
197,20:40:39:762,4.23E-05,-1.39E-05,0.001467406,0.000116256,0.02990759,0.021771731,0.261965729,0.709921292,0.727966759,8.759172158
198,20:40:40:289,-2.42E-05,-4.85E-06,0.001701976,0.000245207,0.030633285,0.0223309,0.267368485,0.710740822,0.72897504,8.728038185
199,20:40:40:815,2.65E-05,3.83E-05,0.001716668,0.000140047,0.031454675,0.022816589,0.274477901,0.709471178,0.725379876,8.726140004
200,20:40:41:342,-4.33E-05,-6.99E-06,0.00164866,0.000117446,0.029998333,0.021791814,0.261630184,0.710090535,0.726434186,8.721490838
201,20:40:41:868,-0.000125942,3.18E-05,0.00167591,0.000140998,0.029953079,0.021892708,0.262218997,0.713532624,0.730900086,8.754325185
202,20:40:42:394,-2.23E-05,-4.68E-05,0.001703872,0.000190008,0.030713368,0.022499233,0.268862506,0.713120863,0.732555047,8.753924515
203,20:40:42:921,1.39E-05,6.95E-05,0.001692734,0.00021499,0.030778202,0.022421683,0.268447516,0.712284141,0.7284923,8.722001315
204,20:40:43:447,0.000119284,-1.52E-06,0.001661692,3.16E-05,0.031189706,0.022653878,0.272555792,0.7105263,0.726325459,8.738645616
205,20:40:43:975,-5.16E-05,6.68E-05,0.001583499,9.22E-05,0.030504833,0.022118398,0.266708853,0.709599616,0.725078486,8.743167163
206,20:40:44:502,-1.40E-05,4.16E-05,0.001640129,0.000116494,0.030824684,0.022363761,0.268654588,0.71037871,0.72551468,8.715566616
207,20:40:45:028,-6.75E-05,1.44E-05,0.00171572,0.000150515,0.031860254,0.02325093,0.278199305,0.713007099,0.729778534,8.731860834
208,20:40:45:555,-2.44E-05,6.16E-05,0.001703635,0.000180254,0.032251197,0.023452788,0.281522242,0.711072587,0.727191242,8.729047967
209,20:40:46:082,-4.59E-05,-8.18E-05,0.001826391,0.000141712,0.032118717,0.023365224,0.2818441,0.70740699,0.727464419,8.77507335
210,20:40:46:608,-1.38E-05,2.85E-05,0.001773068,0.000131958,0.03201752,0.023247617,0.27914744,0.710424438,0.726090499,8.71858417
211,20:40:47:134,-3.93E-05,2.94E-05,0.001740128,0.000140523,0.031560349,0.022959219,0.27582056,0.710812288,0.72747038,8.739464923
212,20:40:47:661,4.00E-06,7.68E-05,0.001716905,0.000125059,0.032029691,0.023214254,0.279510327,0.709746326,0.724772949,8.726600662
213,20:40:48:187,1.32E-05,1.21E-05,0.001722355,0.000195243,0.032140199,0.023327598,0.280844445,0.708284076,0.725807501,8.738105295
214,20:40:48:713,-1.16E-05,-5.51E-05,0.001712639,0.000231169,0.031819212,0.023255425,0.279494657,0.709690671,0.730861142,8.783833496
215,20:40:49:240,-7.33E-07,8.73E-05,0.001674488,0.000160269,0.032133755,0.023364751,0.280229231,0.712034099,0.727109266,8.720712375
216,20:40:49:766,4.71E-06,-2.15E-05,0.001799137,0.000120063,0.032815444,0.023830346,0.287196487,0.708469612,0.726193019,8.751869567
217,20:40:50:294,6.06E-05,-4.34E-05,0.001786814,9.25E-05,0.033271277,0.024196917,0.290976667,0.709754045,0.727261447,8.745581633
218,20:40:50:819,9.45E-06,3.66E-05,0.001731834,0.000197146,0.032503075,0.023747958,0.284319795,0.713056385,0.730637266,8.747473791
219,20:40:51:347,-0.000134936,-1.99E-06,0.00182805,6.18E-05,0.033707889,0.024575469,0.294763594,0.712637983,0.729071738,8.744647069
220,20:40:51:873,6.51E-05,7.92E-05,0.001842507,0.000188343,0.034476766,0.025008921,0.299666454,0.711100233,0.725384768,8.691837774
221,20:40:52:400,-7.36E-06,-8.90E-06,0.001821177,0.000136478,0.034963556,0.025529739,0.306872325,0.711469112,0.730181413,8.776919723
222,20:40:52:927,4.24E-06,-3.72E-05,0.001935179,0.000136716,0.034843389,0.02534985,0.304231495,0.71029014,0.727536877,8.731397931
223,20:40:53:453,3.76E-05,-3.66E-06,0.00192712,0.000189295,0.035217316,0.025618275,0.307885379,0.70970444,0.727434052,8.742443088
224,20:40:53:980,1.40E-06,-8.58E-05,0.001941815,9.96E-05,0.035894083,0.026097073,0.314255456,0.708560515,0.72705781,8.755076862
225,20:40:54:506,-3.88E-05,-6.28E-06,0.001893937,0.000262814,0.037044641,0.026923081,0.323645179,0.708583473,0.726773981,8.736626219
226,20:40:55:032,7.26E-05,-7.89E-05,0.001888012,0.000133147,0.036354287,0.026475397,0.317779029,0.710082464,0.728260663,8.741170643
227,20:40:55:559,-6.65E-05,6.49E-05,0.00180364,6.37E-05,0.035089233,0.025371861,0.30615016,0.708656056,0.723066852,8.724903113
228,20:40:56:087,-2.68E-05,1.54E-05,0.001750555,0.000162648,0.034792985,0.025275301,0.302790463,0.710962731,0.726448185,8.702629563
229,20:40:56:612,1.44E-05,-4.22E-05,0.00174629,0.00012601,0.032796575,0.023851418,0.286945471,0.709187031,0.727253324,8.749251129
230,20:40:57:140,4.02E-05,3.33E-05,0.001705767,0.000262338,0.032772691,0.023875332,0.28610299,0.710869876,0.728513015,8.729920697
231,20:40:57:667,1.13E-05,-7.01E-05,0.001523319,3.35E-05,0.029548749,0.021585569,0.258117184,0.713399388,0.730507046,8.7353
232,20:40:58:193,-1.92E-06,-5.30E-05,0.001618093,0.000109595,0.02865457,0.020906766,0.250577805,0.711371641,0.729613671,8.744776187
233,20:40:58:719,1.28E-05,-9.72E-05,0.001532559,7.11E-05,0.028006104,0.020338832,0.245071982,0.707427312,0.726228539,8.750663131
234,20:40:59:246,-1.02E-05,2.44E-05,0.001545353,6.32E-05,0.028827359,0.021015803,0.252147514,0.712875427,0.729022842,8.746812769
235,20:40:59:773,5.56E-05,5.64E-05,0.001544879,0.000133147,0.027607275,0.020167948,0.241860744,0.713421758,0.73053019,8.760761157
236,20:41:00:299,9.92E-06,8.66E-07,0.001478304,2.06E-05,0.028148054,0.020540244,0.246117117,0.713799165,0.729721619,8.743663628
237,20:41:00:825,-4.74E-05,0.000107083,0.001500811,0.000229504,0.028229518,0.020363888,0.2458418,0.706252983,0.721368612,8.708678702
238,20:41:01:351,2.25E-05,3.06E-05,0.001504128,0.000200715,0.028717248,0.02094792,0.250806033,0.712069544,0.729454305,8.733637599
239,20:41:01:878,0.000131594,-6.34E-05,0.00159819,5.15E-05,0.027877985,0.020255159,0.244406463,0.708017345,0.726564664,8.767005966
240,20:41:02:406,-7.34E-05,6.18E-05,0.001523793,0.000163362,0.029393124,0.021423532,0.256468444,0.712982407,0.728862047,8.725457214
241,20:41:02:931,-2.44E-05,-1.28E-06,0.001631599,6.23E-05,0.030345184,0.022111308,0.265638713,0.711777945,0.728659535,8.753900275
242,20:41:03:459,-1.56E-05,3.72E-06,0.001708611,5.20E-05,0.032007973,0.023084836,0.278388004,0.707064186,0.721221408,8.697458009
243,20:41:03:985,1.28E-05,-5.53E-05,0.001738943,0.000149087,0.032244751,0.02354675,0.28158639,0.712250723,0.730250624,8.732782204
244,20:41:04:512,3.05E-06,1.85E-05,0.001856253,0.000207852,0.033648476,0.024552487,0.294767402,0.711220011,0.729676051,8.76020079
245,20:41:05:038,-0.000109612,-3.18E-06,0.001838241,0.000132672,0.034812573,0.025323107,0.304465236,0.710167416,0.727412666,8.745841168
246,20:41:05:565,-1.33E-05,-5.30E-05,0.001930912,6.18E-05,0.036100958,0.026283256,0.315470519,0.711141662,0.728048728,8.738563748
247,20:41:06:091,3.55E-05,4.37E-05,0.001773068,0.000126248,0.035654975,0.025949289,0.311688517,0.711555807,0.72778873,8.741795971
248,20:41:06:618,-5.23E-06,3.30E-05,0.001927357,0.000100317,0.035621504,0.025863092,0.311507543,0.709843066,0.726052758,8.744929443
249,20:41:07:144,0.000106974,-4.82E-05,0.001882561,0.000177161,0.036329884,0.026414979,0.317585881,0.708905847,0.72708679,8.741725602
250,20:41:07:671,-1.28E-05,7.35E-05,0.001796767,0.000125297,0.035097835,0.025338727,0.305929728,0.707343393,0.721945576,8.716484244
251,20:41:08:197,3.43E-05,6.35E-05,0.001800322,0.000161221,0.033523456,0.024280527,0.292383093,0.708820286,0.724284726,8.721746729
252,20:41:08:725,-2.49E-05,1.54E-05,0.001745105,9.41E-05,0.033582385,0.02428408,0.292867972,0.707694093,0.723119579,8.720880665
253,20:41:09:250,-1.38E-05,-5.53E-05,0.001807195,0.000242352,0.033482661,0.024395414,0.292934887,0.708979671,0.728598419,8.748853231
254,20:41:09:776,-2.01E-05,-2.53E-05,0.001749844,0.000114115,0.033002482,0.024122076,0.289836855,0.711852246,0.730917025,8.782274358
255,20:41:10:304,-3.57E-06,-5.84E-05,0.001713113,0.000130768,0.033059341,0.023943287,0.287879063,0.707641401,0.724251781,8.707949138
256,20:41:10:831,6.79E-05,4.97E-05,0.001820703,0.000215942,0.033181193,0.024096262,0.289759414,0.709357585,0.726202414,8.732640076
257,20:41:11:357,7.36E-05,1.54E-05,0.001680412,4.08E-05,0.033522979,0.024393756,0.293080971,0.711885998,0.727672673,8.742688773
258,20:41:11:883,-3.67E-05,-0.000105102,0.001765248,0.000158366,0.033098523,0.023987804,0.288620407,0.70652062,0.72473939,8.720038797
259,20:41:12:410,9.92E-06,-1.28E-06,0.001804351,5.68E-05,0.033979948,0.02464442,0.297402617,0.708675043,0.725263621,8.752297558
260,20:41:12:937,-1.97E-05,3.40E-05,0.00172354,0.000152656,0.032987671,0.02398212,0.287561182,0.711253922,0.727002537,8.717232019
261,20:41:13:463,0.000125202,-6.61E-05,0.001815489,6.61E-05,0.033007499,0.024013378,0.287924637,0.710847237,0.727512792,8.72300669
262,20:41:13:990,-0.000113162,7.33E-05,0.001770225,0.000104361,0.033095895,0.024081816,0.289684151,0.71167293,0.727637554,8.752872493
263,20:41:14:516,7.12E-05,-1.39E-05,0.001787999,0.000160031,0.033717195,0.024527846,0.294804395,0.709761209,0.727458084,8.743443615
264,20:41:15:042,-7.79E-05,-3.41E-05,0.001792264,1.23E-05,0.034019331,0.024649633,0.29740398,0.708388148,0.724577242,8.742205375
265,20:41:15:569,-9.73E-06,-3.99E-05,0.001714772,8.27E-05,0.033307572,0.024226997,0.29126971,0.710069481,0.727372055,8.744849792
266,20:41:16:095,3.93E-05,4.18E-05,0.001797715,0.000278518,0.032922933,0.02415097,0.288598964,0.714292894,0.733560696,8.765894654
267,20:41:16:623,-1.78E-05,2.83E-05,0.001757665,0.000141236,0.032376531,0.023489709,0.282526286,0.709441151,0.725516541,8.726268017
268,20:41:17:150,-7.69E-05,-7.51E-05,0.001814067,0.000127438,0.032769347,0.023843368,0.286446232,0.709287803,0.727611948,8.741285998
269,20:41:17:676,-2.04E-05,-5.03E-05,0.001626386,0.000250917,0.032964021,0.023966255,0.286938153,0.709214119,0.72704284,8.704585947
270,20:41:18:203,7.17E-05,-9.37E-06,0.001828287,0.000170261,0.03370431,0.024530215,0.295090044,0.70957127,0.72780649,8.755261414
271,20:41:18:729,6.98E-05,7.06E-05,0.001743209,0.000126486,0.033250009,0.024136286,0.290031433,0.710896404,0.725903133,8.722747383
272,20:41:19:256,-6.87E-05,5.14E-05,0.001628993,0.00041558,0.031160614,0.022829361,0.272542321,0.712478253,0.732635126,8.746371887
273,20:41:19:782,2.15E-05,-8.84E-05,0.001558147,0.000171213,0.029758752,0.021720462,0.260111902,0.710425658,0.729884863,8.740685953
274,20:41:20:309,1.94E-05,5.23E-05,0.001546538,0.000142426,0.029771849,0.021638957,0.260019352,0.710753738,0.726826123,8.733732198
275,20:41:20:835,-3.03E-05,-1.10E-05,0.001788709,0.000176209,0.031218323,0.022553616,0.272077659,0.705691262,0.722448039,8.715319613
276,20:41:21:361,-2.01E-05,1.44E-05,0.00152782,9.89E-05,0.031484253,0.022970573,0.27546152,0.712735903,0.72958927,8.749183856
277,20:41:21:888,3.71E-05,-5.37E-05,0.001727332,0.000152656,0.032639904,0.023754823,0.284828336,0.710122961,0.727784724,8.726384133
278,20:41:22:414,-1.47E-05,2.18E-05,0.001825206,0.000172878,0.033676392,0.024434265,0.293358228,0.709677639,0.725560653,8.711094262
279,20:41:22:940,9.87E-05,6.34E-06,0.001864785,0.000191674,0.034902396,0.025360974,0.305384258,0.708731533,0.726625599,8.74966464
280,20:41:23:467,-4.00E-05,-0.000101054,0.001775201,0.000139809,0.034869428,0.025362394,0.30539876,0.707948574,0.727353321,8.758353016
281,20:41:23:995,-5.16E-05,2.66E-05,0.00190958,5.77E-05,0.034752616,0.025418962,0.304346309,0.714950394,0.731425839,8.757507803
282,20:41:24:522,-6.72E-05,2.25E-05,0.001930201,0.000194529,0.034901201,0.025375175,0.304267305,0.710687595,0.72705735,8.717960829
283,20:41:25:048,8.78E-05,-1.03E-05,0.001922142,0.00017502,0.034339227,0.025022195,0.299856282,0.71134262,0.728676713,8.732179166
284,20:41:25:574,2.29E-05,-3.18E-06,0.001713113,0.000134575,0.033313535,0.024369593,0.291194202,0.714294965,0.731522281,8.74101788
285,20:41:26:101,-3.81E-06,-6.63E-05,0.001673066,7.34E-05,0.033013233,0.023933579,0.287967771,0.708276582,0.724969252,8.722798297
286,20:41:26:627,-2.35E-05,-1.34E-05,0.001646053,8.79E-05,0.032569218,0.023720733,0.284161075,0.712174666,0.728317544,8.724835595
287,20:41:27:154,6.91E-05,-2.53E-05,0.001727095,3.25E-05,0.033211061,0.024224391,0.290217346,0.713154044,0.729407342,8.738575087
288,20:41:27:680,4.50E-07,-6.96E-05,0.001806247,0.00013291,0.03410407,0.024802006,0.29771455,0.70954752,0.727244771,8.729590105
289,20:41:28:207,-2.13E-05,3.99E-05,0.001765485,0.000124345,0.034517601,0.025070615,0.301232654,0.710656564,0.726313934,8.726928998
290,20:41:28:733,-2.91E-05,-4.60E-05,0.001932097,0.000563848,0.034525004,0.025324053,0.301844269,0.710624989,0.733498921,8.74277283
291,20:41:29:259,3.34E-05,-3.25E-07,0.001803166,0.000186915,0.033698106,0.024563859,0.294210555,0.711643881,0.728938877,8.730774235
292,20:41:29:786,-4.48E-05,8.87E-05,0.001800796,0.000148373,0.033955364,0.024730201,0.295881528,0.713686419,0.728314991,8.713837524
293,20:41:30:312,2.84E-05,-6.44E-05,0.001856964,0.000195243,0.033391534,0.024316295,0.291252327,0.710097171,0.728217347,8.722340325
294,20:41:30:840,4.50E-05,-5.34E-05,0.001697473,0.000234738,0.033419683,0.024317716,0.291586738,0.709149435,0.727646523,8.725000246
295,20:41:31:367,-1.35E-05,-3.66E-06,0.001756243,0.000204521,0.032563965,0.023654924,0.284482059,0.708605533,0.726414109,8.736100178
296,20:41:31:893,8.42E-05,-2.53E-05,0.001609563,7.63E-05,0.031759321,0.023124109,0.27698028,0.712015604,0.72810463,8.721227951
297,20:41:32:420,-6.37E-05,3.01E-06,0.001823547,0.000138857,0.03307511,0.023911558,0.287046575,0.708507805,0.722947207,8.678628118
298,20:41:32:946,4.76E-05,6.35E-05,0.001821177,0.000412487,0.033185494,0.024343062,0.291448181,0.71239023,0.733545266,8.782397019
299,20:41:33:473,5.84E-05,-6.10E-05,0.001756006,9.41E-05,0.033545882,0.024346141,0.292225952,0.709400451,0.725756479,8.71123174
300,20:41:33:999,1.65E-05,-5.91E-05,0.001723777,0.000137668,0.033085383,0.02412255,0.289959142,0.70998019,0.729099918,8.763965143
301,20:41:34:526,2.36E-05,-3.49E-05,0.001776623,0.001192147,0.032853661,0.024326717,0.287153382,0.709833509,0.74045681,8.740376934
302,20:41:35:052,0.000121888,-4.08E-05,0.001717379,0.000226411,0.032419745,0.023642614,0.284112597,0.709344206,0.729265893,8.763566658
303,20:41:35:578,2.27E-05,-4.53E-05,0.001555778,0.000263766,0.031557963,0.023043671,0.276139452,0.710169056,0.730201477,8.750230533
304,20:41:36:105,4.52E-05,3.96E-06,0.001545827,0.000145519,0.030680238,0.022152433,0.267539913,0.705714476,0.722042418,8.720268514
305,20:41:36:631,-6.98E-05,-2.60E-05,0.001683019,0.000100555,0.031142253,0.022542739,0.271724644,0.707350005,0.723863458,8.725272463
306,20:41:37:158,1.94E-05,-7.53E-05,0.001692497,0.000172878,0.03216741,0.023301568,0.28111768,0.705610071,0.724384321,8.739207687
307,20:41:37:686,-1.28E-05,2.37E-05,0.001717142,0.000133147,0.031449666,0.022845444,0.274608263,0.710081582,0.726412925,8.731674939
308,20:41:38:212,5.68E-05,-2.06E-05,0.001621884,0.000119111,0.031823268,0.023219696,0.278165786,0.712266621,0.72964524,8.740956
309,20:41:38:737,7.08E-06,-3.06E-05,0.00165956,9.39E-05,0.032160727,0.023348185,0.279849182,0.710461498,0.725984385,8.701581399
310,20:41:39:265,1.16E-06,-7.08E-05,0.001717853,3.66E-05,0.031889367,0.02312056,0.278761979,0.707864315,0.725024119,8.741533873
311,20:41:39:791,-9.40E-05,-4.46E-05,0.001696526,9.32E-05,0.031835438,0.023271516,0.279120657,0.712381157,0.730994061,8.767608629
312,20:41:40:318,8.03E-06,-2.60E-05,0.001774016,0.000170975,0.032536027,0.02370866,0.284693119,0.71027349,0.728689463,8.750088685
313,20:41:40:845,-1.19E-05,2.09E-05,0.001792027,0.000111023,0.032294405,0.023548643,0.282624084,0.712236565,0.729186465,8.751487506
314,20:41:41:371,4.66E-05,-2.70E-05,0.001590845,0.000101269,0.031545797,0.022908598,0.276034763,0.708606934,0.726201278,8.750286558
315,20:41:41:897,-7.51E-05,2.40E-05,0.001704109,0.000138857,0.031358315,0.02291191,0.275204395,0.71233132,0.730648623,8.776121923
316,20:41:42:424,-2.01E-05,2.02E-05,0.001669986,0.000279708,0.030862349,0.022499469,0.26940521,0.710779147,0.729026479,8.729251745
317,20:41:42:950,-7.55E-05,3.30E-05,0.001794634,0.000781887,0.030846615,0.022678708,0.269525248,0.710291451,0.735208979,8.737595566
318,20:41:43:476,6.20E-05,-4.60E-05,0.001655531,0.000152894,0.030464561,0.022195688,0.267083279,0.709158619,0.728574032,8.767015577
319,20:41:44:003,5.70E-05,-1.08E-05,0.001756717,0.000206901,0.031960959,0.023185861,0.278384489,0.708522514,0.725443228,8.710142054
320,20:41:44:531,8.61E-05,-6.53E-05,0.001723303,0.000211421,0.029699937,0.021784962,0.26033802,0.71281547,0.73350198,8.765608527
321,20:41:45:058,-4.50E-05,-3.53E-05,0.001485886,0.000150039,0.028862874,0.020884535,0.251742657,0.706214677,0.72357779,8.722023198
322,20:41:45:585,1.16E-05,-2.99E-05,0.001620226,0.000149801,0.030230824,0.021952493,0.263165231,0.709667116,0.726162587,8.705195426
323,20:41:46:111,-8.38E-05,9.44E-06,0.001604587,0.000149087,0.031307515,0.022823921,0.273534236,0.711954375,0.729023711,8.737015311
324,20:41:46:637,5.42E-05,-4.14E-06,0.001628756,0.000116494,0.03130346,0.02291049,0.274386414,0.713748113,0.731883635,8.765370029
325,20:41:47:164,5.68E-05,8.99E-05,0.001663588,6.20E-05,0.031531246,0.022843079,0.27500268,0.710670023,0.724458498,8.721592639
326,20:41:47:690,-2.80E-05,-5.63E-05,0.001540851,0.000169072,0.030728623,0.022355487,0.267334041,0.710530581,0.727513458,8.699838057
327,20:41:48:217,-7.67E-05,-0.000122484,0.00171572,0.000179064,0.030835888,0.022431613,0.270247629,0.706513977,0.727451493,8.764061835
328,20:41:48:743,-8.67E-05,2.77E-06,0.001561701,4.35E-05,0.029952841,0.021793941,0.261784935,0.711637432,0.727608466,8.739903286
329,20:41:49:271,6.53E-05,-3.87E-05,0.001547249,0.000220938,0.029558986,0.021539506,0.258021852,0.709992614,0.728695717,8.729049545
330,20:41:49:798,4.99E-05,-3.13E-05,0.001584684,0.000127438,0.029716843,0.021584388,0.259560468,0.708854021,0.726335168,8.734456427
331,20:41:50:324,-3.10E-05,2.63E-05,0.001748422,7.84E-05,0.031223331,0.022719621,0.27269752,0.711936771,0.727648868,8.733774233
332,20:41:50:850,-1.73E-05,5.16E-05,0.001712639,8.65E-05,0.032069311,0.023262997,0.278903164,0.711606036,0.725397486,8.696886814
333,20:41:51:377,-8.78E-05,2.44E-05,0.001664773,0.000135527,0.031437025,0.022815879,0.274086365,0.709966557,0.725764583,8.718584844
334,20:41:51:904,-3.91E-05,-5.41E-05,0.001660508,0.000159793,0.030896677,0.022448399,0.269545166,0.708769267,0.72656355,8.724082781
335,20:41:52:430,1.63E-06,1.51E-07,0.00176193,0.00011126,0.031500474,0.022979089,0.275724532,0.71206258,0.729483929,8.753028109
336,20:41:52:956,2.48E-05,-1.29E-05,0.001591792,0.000121014,0.030838987,0.022483628,0.27019942,0.710905016,0.729065058,8.761617903
337,20:41:53:483,2.58E-05,-6.04E-06,0.001697,0.000179302,0.032282708,0.023410188,0.281826502,0.707876683,0.725161853,8.729952421
338,20:41:54:009,-7.06E-05,-3.27E-05,0.001714298,9.01E-05,0.032605754,0.023582727,0.284568483,0.70676449,0.723268881,8.727554057
339,20:41:54:536,8.50E-06,-2.91E-05,0.001765011,0.00011816,0.032847928,0.023847393,0.286589801,0.709284071,0.725993824,8.724745037
340,20:41:55:062,-4.67E-05,-2.58E-05,0.001597953,0.000131244,0.03186789,0.023258265,0.279034088,0.711592258,0.729833846,8.755963655
341,20:41:55:590,-1.90E-05,-5.49E-05,0.001769751,9.44E-05,0.031951174,0.023299201,0.280013782,0.710611169,0.729212685,8.763802626
342,20:41:56:115,3.55E-05,5.87E-06,0.001591318,0.000175971,0.030951032,0.02255338,0.270716091,0.710795231,0.728679398,8.746593309
343,20:41:56:643,-3.29E-05,-4.99E-05,0.001702687,0.000165979,0.031587783,0.02312056,0.276136214,0.71336096,0.731946282,8.741867649
344,20:41:57:169,-2.96E-05,8.71E-05,0.001706241,0.000158128,0.031270788,0.022817535,0.273766707,0.713168589,0.729675724,8.754710957
345,20:41:57:696,-6.77E-05,-1.04E-06,0.001616671,0.00013291,0.030783922,0.02228173,0.267618235,0.708627766,0.723810624,8.693441669
346,20:41:58:223,6.27E-05,-3.37E-05,0.001680886,2.99E-05,0.030215577,0.02193737,0.263341412,0.710599592,0.726028482,8.715418932
347,20:41:58:750,-0.000131386,9.20E-06,0.00155483,0.000110785,0.029523037,0.021482817,0.258182529,0.7106927,0.727662834,8.745120916
348,20:41:59:276,-1.66E-05,7.33E-05,0.001635627,9.67E-05,0.029598507,0.021518011,0.258704618,0.711656615,0.726996501,8.740461653
349,20:41:59:802,-1.61E-05,-5.77E-05,0.001647712,0.000163838,0.030959853,0.022539429,0.271375068,0.708381663,0.728021175,8.765386096
350,20:42:00:328,1.56E-05,5.61E-05,0.001675436,0.000159555,0.031018504,0.022554089,0.270837616,0.711018717,0.727117241,8.731485494
351,20:42:00:855,5.30E-05,-7.96E-05,0.00155175,3.73E-05,0.030388787,0.022094054,0.265677135,0.709541956,0.727046269,8.742604175
352,20:42:01:381,-4.28E-06,1.13E-05,0.001695341,0.000128151,0.031803702,0.023009132,0.276708664,0.708336806,0.723473404,8.700517481
353,20:42:01:908,-3.29E-05,-2.13E-05,0.001731123,0.000110785,0.03071599,0.022225944,0.268000959,0.707024756,0.723595223,8.725128471
354,20:42:02:436,-1.47E-05,3.68E-05,0.001671645,0.000138619,0.030738157,0.02228173,0.267697908,0.709661006,0.724888294,8.708977186
355,20:42:02:962,5.89E-06,-6.41E-05,0.001671408,0.000187867,0.030423337,0.022077274,0.265855831,0.706707325,0.725669036,8.738549265
356,20:42:03:489,9.68E-06,-1.84E-05,0.001557674,0.000193577,0.030974396,0.02247819,0.270302843,0.708040216,0.725702269,8.726654098
357,20:42:04:015,6.55E-05,-3.25E-07,0.001681834,0.000259245,0.031597325,0.022991863,0.276885504,0.70801181,0.727652214,8.762941305
358,20:42:04:542,6.74E-05,-5.77E-05,0.001643921,9.94E-05,0.031387413,0.022757224,0.273930976,0.707883341,0.725043013,8.727414926
359,20:42:05:068,-7.03E-05,4.21E-05,0.001625439,0.000160745,0.031321109,0.02289204,0.273603541,0.714285877,0.730882183,8.735435945
360,20:42:05:595,3.41E-05,-3.20E-05,0.001720459,0.000180016,0.03117826,0.022810912,0.273381619,0.71206131,0.731628768,8.768341023
361,20:42:06:121,-2.30E-08,9.92E-06,0.001726147,9.63E-05,0.031601858,0.023060705,0.276856074,0.712349352,0.729726234,8.760753146
362,20:42:06:648,8.38E-05,2.53E-06,0.001715246,0.000119587,0.032491852,0.023539886,0.283295818,0.708551651,0.7244858,8.718980199
363,20:42:07:174,-9.38E-05,3.25E-06,0.001664536,0.000125772,0.031060944,0.02245431,0.270818753,0.706879717,0.722911379,8.718947899
364,20:42:07:700,-5.61E-05,-1.82E-05,0.001626149,0.000148373,0.031906071,0.023326414,0.279441704,0.712657198,0.731096426,8.758261207
365,20:42:08:227,1.49E-05,-9.13E-05,0.001775201,0.000143615,0.033114292,0.024149312,0.289001036,0.711051661,0.729271573,8.727380761
366,20:42:08:753,7.53E-05,-6.32E-05,0.00173136,0.000112926,0.033098523,0.02402214,0.289281023,0.707947294,0.72577678,8.739997853
367,20:42:09:281,3.34E-05,2.44E-05,0.001778519,5.75E-05,0.033371736,0.024199996,0.290979925,0.710341968,0.725164436,8.719352456
368,20:42:09:808,-5.28E-05,-4.89E-05,0.001756954,7.20E-05,0.032975249,0.024032322,0.288213585,0.711608693,0.728798821,8.740300594
369,20:42:10:334,7.62E-05,4.68E-06,0.001774016,0.000226173,0.031529814,0.023013864,0.276450607,0.710508974,0.729907999,8.767911039
370,20:42:10:861,1.40E-06,-5.34E-05,0.001490861,0.000137906,0.029222383,0.021190146,0.255595835,0.706580555,0.725134069,8.746577359
371,20:42:11:387,-4.96E-07,-6.49E-05,0.001534217,0.000111023,0.028852386,0.020936567,0.252105017,0.707551228,0.725644208,8.737752725
372,20:42:11:913,4.42E-05,-1.03E-05,0.001533507,0.00014647,0.028315991,0.020502653,0.247259846,0.706764177,0.724066244,8.732162953
373,20:42:12:440,7.64E-05,-6.37E-05,0.001482332,5.64E-06,0.027529195,0.019935423,0.240490436,0.707567708,0.724155679,8.735832569
374,20:42:12:967,1.73E-05,2.35E-05,0.001328586,0.000163124,0.026147134,0.018918529,0.227956293,0.707109041,0.723541214,8.718213231
375,20:42:13:493,-1.38E-05,5.33E-05,0.001346589,0.000183347,0.026445032,0.019119889,0.229813023,0.708085849,0.72300495,8.690215519
376,20:42:14:021,3.83E-05,-6.01E-05,0.001506734,-2.69E-05,0.026219639,0.019001854,0.228660697,0.709222764,0.724718353,8.720970414
377,20:42:14:546,1.80E-05,2.04E-05,0.001446558,0.00010674,0.027491347,0.020028284,0.239733786,0.712755213,0.72853049,8.720336119
378,20:42:15:074,6.48E-05,-3.91E-05,0.001427132,5.32E-05,0.027163393,0.019681928,0.23696977,0.70826655,0.724575471,8.723864833
379,20:42:15:600,3.53E-06,0.000103034,0.00159511,0.000223555,0.028004437,0.020278558,0.24455003,0.707975413,0.72411948,8.732545861
380,20:42:16:127,-1.73E-05,8.40E-05,0.001464563,0.000177875,0.027592992,0.020044117,0.240319234,0.711429649,0.72642057,8.70943018
381,20:42:16:654,3.55E-05,7.53E-06,0.001475461,6.73E-05,0.028755142,0.020840073,0.251085576,0.708907406,0.724742479,8.731849704
382,20:42:17:180,4.47E-06,5.44E-05,0.001522134,0.000142664,0.027784407,0.020084762,0.24161656,0.708399088,0.722878914,8.696120817
383,20:42:17:707,8.03E-06,1.42E-05,0.00145177,-6.02E-06,0.028338623,0.020574289,0.247622172,0.711045457,0.726015841,8.737974804
384,20:42:18:233,-2.84E-05,9.92E-06,0.001536587,0.000126724,0.029501402,0.021481636,0.25725815,0.712001863,0.728156443,8.720200865
385,20:42:18:759,-5.33E-05,5.90E-05,0.001640603,0.000149087,0.030872838,0.022396386,0.270248437,0.70865196,0.725439827,8.7535989
386,20:42:19:286,-3.67E-05,-4.80E-05,0.001679938,9.56E-05,0.030445259,0.022112253,0.266160081,0.708654784,0.726295436,8.742250415
387,20:42:19:814,-3.25E-05,-0.000123675,0.001657901,0.000117208,0.030910981,0.022593341,0.270869414,0.710710617,0.730916353,8.762886489
388,20:42:20:340,4.40E-05,6.18E-05,0.00174937,0.000113877,0.031785568,0.023116065,0.278267968,0.710901102,0.727250339,8.754538284
389,20:42:20:867,4.16E-05,0.000172105,0.001851276,0.000155511,0.031216415,0.022682492,0.272609948,0.712677357,0.726620668,8.732903808
390,20:42:21:394,-1.92E-05,-2.65E-05,0.001636812,5.04E-05,0.031706592,0.023068038,0.277255473,0.710813127,0.727547079,8.744411023
391,20:42:21:920,9.21E-06,-1.32E-05,0.001775201,0.000134099,0.032611486,0.023660605,0.285258213,0.707976374,0.725529805,8.747170147
392,20:42:22:447,2.74E-05,4.71E-05,0.001723303,7.06E-05,0.031747868,0.023095718,0.277293557,0.712223569,0.727473038,8.734241694
393,20:42:22:973,8.40E-05,2.37E-05,0.001546775,0.00014076,0.030195089,0.021988886,0.264597235,0.710424679,0.728227224,8.762922781
394,20:42:23:500,-7.96E-05,6.14E-05,0.001544168,9.44E-05,0.029253381,0.021241721,0.255292094,0.711159835,0.726128736,8.72692597
395,20:42:24:026,1.40E-06,-5.34E-05,0.001545827,0.000139571,0.029643506,0.021411487,0.258701403,0.704628621,0.722299403,8.727085073
396,20:42:24:552,4.26E-05,-1.20E-05,0.001594399,0.000123869,0.030814911,0.022289767,0.269416244,0.706051416,0.723343566,8.743048004
397,20:42:25:078,2.32E-05,-6.20E-05,0.001726621,0.000100555,0.032761465,0.023723811,0.285441217,0.707611298,0.724137658,8.712712221
398,20:42:25:605,1.37E-05,-2.96E-05,0.001701976,0.000142426,0.033531329,0.024312978,0.291961472,0.708864702,0.725082456,8.707124998
399,20:42:26:133,0.000153374,7.85E-05,0.001828524,0.000117208,0.03294061,0.024066186,0.288206801,0.714653361,0.730593215,8.749285446
400,20:42:26:658,1.30E-05,-6.65E-05,0.001703161,0.000126486,0.032474183,0.02351669,0.283191089,0.706908105,0.724165722,8.720499211
401,20:42:27:186,-2.75E-05,2.99E-05,0.001639892,8.77E-05,0.031337565,0.02274942,0.274101204,0.709688874,0.725947267,8.746729419
402,20:42:27:712,-2.61E-05,-2.94E-06,0.001497258,0.000151942,0.029404333,0.021329063,0.257331472,0.707399625,0.725371421,8.751481471
403,20:42:28:239,-7.77E-05,2.29E-06,0.001546064,0.000128627,0.029259104,0.021099777,0.255118718,0.704973911,0.721135444,8.719293489
404,20:42:28:766,5.32E-05,-9.68E-05,0.001631599,7.37E-05,0.030594915,0.022304187,0.26828995,0.709608138,0.729016165,8.769102722
405,20:42:29:292,-7.60E-05,-7.47E-06,0.001672829,0.000149325,0.032298464,0.02333304,0.280984841,0.706777599,0.722419512,8.69963489
406,20:42:29:819,2.22E-05,2.28E-05,0.001752214,0.000303264,0.033109991,0.024008879,0.288462166,0.707638384,0.725124883,8.712239217
407,20:42:30:345,-1.42E-05,-2.34E-05,0.001829472,0.000184774,0.033516537,0.024283133,0.292679761,0.706870529,0.724511973,8.732398499
408,20:42:30:871,-0.000100144,-1.65E-05,0.00171335,0.000191912,0.03373533,0.024416971,0.293934997,0.707000385,0.723780416,8.712972241
409,20:42:31:398,-7.22E-05,4.21E-05,0.001830183,0.000206425,0.032648023,0.023832951,0.286202018,0.711646662,0.729996751,8.766289364
410,20:42:31:924,7.88E-05,-3.46E-05,0.001803403,0.000137668,0.033056474,0.024097683,0.289583084,0.710434784,0.728985279,8.760253135
411,20:42:32:450,5.61E-05,-4.41E-05,0.001687521,0.00013172,0.032191042,0.023332567,0.280694329,0.707877071,0.724815536,8.719641083
412,20:42:32:977,-2.01E-05,-3.51E-05,0.001745816,0.000119825,0.032314697,0.023530891,0.282677457,0.710323945,0.728179232,8.747643655
413,20:42:33:503,2.46E-05,6.90E-05,0.001724251,7.53E-05,0.030981787,0.02249876,0.27123165,0.710482764,0.726193095,8.754551451
414,20:42:34:031,2.27E-05,-7.39E-05,0.001726147,0.000105789,0.031720192,0.022992573,0.277765796,0.706156814,0.72485606,8.756750255
415,20:42:34:558,-9.73E-06,-1.99E-06,0.0015572,7.32E-05,0.030849953,0.022504198,0.270604009,0.711706625,0.729472699,8.771618325
416,20:42:35:084,-0.000110558,1.11E-05,0.001789894,9.56E-05,0.031023034,0.022416718,0.269720135,0.708097553,0.722583039,8.6941895
417,20:42:35:611,-3.88E-05,1.66E-05,0.001571653,0.000142902,0.030279187,0.021972107,0.2640749,0.709451046,0.725650506,8.721333899
418,20:42:36:138,5.32E-05,1.21E-05,0.001665721,0.000121252,0.030385213,0.022145342,0.265821433,0.711645274,0.728819724,8.74838148
419,20:42:36:664,4.33E-05,2.68E-05,0.001729938,0.000178113,0.031424144,0.0229112,0.274948409,0.711462032,0.72909543,8.749590947
420,20:42:37:190,-6.68E-05,1.52E-05,0.001562649,8.63E-05,0.031130092,0.022545577,0.271546006,0.708733621,0.724237384,8.722942558
421,20:42:37:717,2.82E-06,8.33E-05,0.001642025,0.000219035,0.031450382,0.022842369,0.2741468,0.710575324,0.72629863,8.716803545
422,20:42:38:243,1.58E-05,-7.13E-05,0.001779941,0.000138857,0.032223028,0.023549827,0.282816184,0.71085016,0.730838407,8.776834404
423,20:42:38:769,-5.68E-05,-2.25E-05,0.001765959,9.82E-05,0.033156582,0.024043452,0.28932964,0.708765654,0.725148692,8.726159934
424,20:42:39:296,7.08E-06,1.90E-05,0.001693445,0.000147184,0.031713988,0.023168116,0.277598815,0.712981076,0.730533022,8.753197877
425,20:42:39:822,-5.35E-05,1.82E-06,0.001680175,0.000126248,0.032040431,0.023221116,0.280175433,0.707646626,0.724744165,8.744433833
426,20:42:40:350,-8.54E-06,4.90E-05,0.001639892,4.96E-05,0.031545558,0.022936747,0.275844568,0.711741068,0.727099085,8.744323492
427,20:42:40:877,-1.28E-05,1.04E-05,0.001777808,0.00013291,0.03183329,0.02318799,0.277403224,0.712547596,0.728419538,8.714249278
428,20:42:41:403,6.84E-06,4.54E-05,0.001831605,0.000247824,0.032941566,0.023830583,0.287721739,0.706092892,0.72341987,8.734306708
429,20:42:41:930,5.84E-05,-7.99E-05,0.001837767,0.000107454,0.033479083,0.024393756,0.292630538,0.710517744,0.728626765,8.740697626
430,20:42:42:456,2.86E-05,-3.75E-05,0.001834686,0.000237593,0.034220567,0.024991617,0.299829824,0.710548923,0.73030984,8.761684835
431,20:42:42:983,0.000118337,-4.82E-05,0.001911003,0.000238069,0.033736046,0.024355143,0.293465448,0.704715297,0.72193234,8.698869057
432,20:42:43:509,-3.34E-06,8.66E-07,0.001793212,0.000106265,0.034287655,0.024805798,0.298515072,0.708272129,0.723461504,8.706196852
433,20:42:44:036,-8.90E-05,-7.39E-05,0.001847484,0.0002276,0.034670928,0.025178987,0.303767435,0.706144881,0.726227654,8.761445186
434,20:42:44:562,-1.19E-05,8.78E-05,0.001902233,0.000175733,0.036816857,0.026703835,0.320958376,0.710291018,0.725315459,8.717701732
435,20:42:45:090,3.31E-05,-9.01E-05,0.001819992,0.000342764,0.035826649,0.026060599,0.312620709,0.70737653,0.727408222,8.725926637
436,20:42:45:615,-3.20E-05,-8.90E-06,0.00182331,0.00010793,0.034073515,0.024733519,0.298425441,0.708323425,0.725886903,8.758281563
437,20:42:46:143,0.000138696,-4.30E-05,0.001711455,0.000205235,0.032547488,0.02359693,0.284740809,0.706030665,0.725000014,8.74847255
438,20:42:46:670,1.56E-05,3.99E-05,0.001769514,0.00016812,0.033664223,0.02448449,0.294160721,0.710646348,0.727314859,8.738081304
439,20:42:47:196,9.23E-05,-4.39E-05,0.001892515,0.000240448,0.034895945,0.025360264,0.304341935,0.708651492,0.726739564,8.721412517
440,20:42:47:723,-4.26E-05,-5.39E-05,0.00183516,0.000285656,0.03618635,0.026342956,0.317544399,0.707121607,0.727980452,8.775253493
441,20:42:48:249,8.59E-05,-5.60E-05,0.001821651,0.00015218,0.034020286,0.024667642,0.296979844,0.707433261,0.725086258,8.72949287
442,20:42:48:776,-5.09E-05,-2.22E-05,0.001754821,0.000197384,0.032535788,0.023619417,0.283804713,0.708464142,0.725951887,8.722847413
443,20:42:49:302,-1.92E-06,8.01E-06,0.001724251,8.30E-05,0.032886863,0.023878646,0.287692175,0.709479774,0.726084643,8.74793598
444,20:42:49:828,9.92E-05,1.83E-05,0.001745816,0.000136954,0.033701447,0.024481884,0.294614546,0.709629579,0.726434214,8.741896163
445,20:42:50:355,-8.31E-06,1.87E-05,0.001831605,0.000116494,0.03347288,0.024317479,0.293039075,0.709400757,0.72648302,8.754522323
446,20:42:50:883,-9.45E-05,1.40E-05,0.001846062,0.000121252,0.034594739,0.025067539,0.302002757,0.708480057,0.724605512,8.729730691
447,20:42:51:408,8.19E-05,-0.000111531,0.001734204,6.44E-05,0.033865388,0.024618119,0.296031558,0.708850187,0.726940403,8.741419359
448,20:42:51:936,5.09E-05,-2.27E-05,0.001769751,0.000136002,0.03309709,0.024081106,0.289259566,0.710139993,0.727589825,8.739728119
449,20:42:52:462,6.96E-05,-2.13E-05,0.001767381,7.30E-05,0.033486478,0.024338561,0.293463815,0.709191937,0.726817584,8.763651267
450,20:42:52:989,0.00013917,4.52E-05,0.0018162,0.000169548,0.033547075,0.02438736,0.292575334,0.711053466,0.726959343,8.721336647
451,20:42:53:515,-6.68E-05,-4.18E-05,0.001750555,0.000147422,0.032819743,0.023891669,0.286831656,0.710034434,0.727966351,8.739606879
452,20:42:54:042,3.43E-05,-6.80E-05,0.001819281,0.000191674,0.033674245,0.024339272,0.293839166,0.704647483,0.722785969,8.72593186
453,20:42:54:568,4.14E-05,2.87E-05,0.001625675,0.000157176,0.032571606,0.023742039,0.285028347,0.711587168,0.728918282,8.750822566
454,20:42:55:095,-8.07E-06,-7.82E-05,0.001773068,0.000211897,0.033463576,0.024323401,0.292051709,0.708144179,0.726861967,8.727450627
455,20:42:55:621,3.12E-05,-6.28E-06,0.00172354,0.000104837,0.033073437,0.024099341,0.288498535,0.712529165,0.728661521,8.722968055
456,20:42:56:148,2.48E-05,-8.90E-06,0.001703635,0.000117446,0.033227548,0.024189575,0.291046186,0.710201166,0.727997585,8.759183401
457,20:42:56:674,4.94E-05,7.68E-05,0.001826865,0.000231645,0.032826192,0.023782286,0.286782249,0.707787348,0.724491137,8.736384796
458,20:42:57:200,-8.07E-06,-5.37E-05,0.001905788,0.000170023,0.033220857,0.02409792,0.289748273,0.70780441,0.725385253,8.721878245
459,20:42:57:726,-4.76E-06,-4.37E-06,0.001859808,9.72E-05,0.032968321,0.023870123,0.287665053,0.708009468,0.724032105,8.72549907
460,20:42:58:253,-2.20E-05,-5.06E-05,0.001709796,0.000104361,0.032270533,0.02337185,0.281726336,0.707117059,0.724247421,8.730142073
461,20:42:58:779,-3.58E-05,4.44E-06,0.001733967,0.000125059,0.032234009,0.023405455,0.281857908,0.70906629,0.726110579,8.744115789
462,20:42:59:306,8.66E-05,7.42E-05,0.001719985,6.53E-05,0.031679871,0.022836929,0.275453957,0.70790022,0.720865611,8.694920517
463,20:42:59:834,8.50E-05,2.11E-05,0.001788472,0.000191198,0.032663307,0.023702268,0.28495029,0.708958801,0.725654263,8.723865235
464,20:43:00:360,1.96E-05,-8.01E-07,0.001726858,0.000150277,0.032647068,0.023680489,0.28504461,0.708477875,0.725348121,8.731093734
465,20:43:00:887,-9.99E-05,-2.94E-06,0.001601507,0.000182395,0.031724486,0.022991154,0.276841494,0.707557961,0.724713194,8.726429535
466,20:43:01:413,-1.52E-05,-0.000121532,0.001713113,0.000119111,0.031227862,0.022642763,0.272736862,0.706275758,0.725082101,8.733766849
467,20:43:01:940,2.44E-05,4.21E-05,0.001670934,0.000174068,0.031349729,0.02264229,0.274069638,0.705376193,0.722248368,8.742328842
468,20:43:02:467,-5.73E-05,-1.72E-05,0.001621647,0.000236641,0.031250517,0.022963713,0.274171083,0.71453679,0.734826675,8.773329594
469,20:43:02:993,8.26E-05,-0.000135581,0.001700791,0.000139333,0.032647545,0.0236696,0.285090688,0.705937419,0.725003971,8.732377396
470,20:43:03:519,6.51E-05,2.59E-05,0.001753636,0.000178826,0.032830492,0.023873674,0.2872095,0.709691994,0.727179914,8.748254544
471,20:43:04:046,1.70E-05,-7.01E-05,0.001856964,9.82E-05,0.034034846,0.024828076,0.297951829,0.71110766,0.729489876,8.754316881
472,20:43:04:574,1.32E-05,-4.53E-05,0.001807669,0.000130531,0.034445484,0.025058075,0.301528177,0.709218021,0.727470542,8.753779785
473,20:43:05:100,3.55E-05,6.47E-05,0.001756006,9.58E-05,0.032817833,0.023893326,0.286314621,0.71320849,0.72805924,8.724361063
474,20:43:05:627,1.61E-05,2.04E-05,0.001747948,0.000180967,0.032893791,0.023860652,0.287157719,0.708572948,0.72538469,8.729845808
475,20:43:06:153,-7.69E-05,-6.52E-06,0.001724962,0.000228314,0.031551045,0.02290434,0.275493935,0.707899191,0.725945537,8.731689679
476,20:43:06:680,0.00012899,-1.08E-05,0.001716905,0.000115543,0.03137501,0.022769523,0.273576034,0.709501429,0.725721598,8.719551984
477,20:43:07:207,9.42E-05,9.44E-06,0.001714298,9.39E-05,0.032483257,0.023524028,0.282331528,0.709817854,0.724189324,8.691601696
478,20:43:07:733,-7.06E-05,3.72E-06,0.001682308,0.000171927,0.032069072,0.023387942,0.281415337,0.710308746,0.729299013,8.775287841
479,20:43:08:259,-6.13E-05,-3.84E-05,0.001695104,0.000129817,0.033444253,0.02435917,0.292936791,0.709923151,0.728351435,8.758957458
480,20:43:08:786,1.37E-05,6.56E-05,0.001768566,7.39E-05,0.032784394,0.023744643,0.286693485,0.708933463,0.724266658,8.744815794
481,20:43:09:312,-7.01E-05,2.90E-05,0.001559332,0.000138143,0.030526042,0.022158342,0.26643403,0.709704523,0.725883239,8.728089651
482,20:43:09:840,4.52E-05,-9.70E-05,0.001576154,0.00011126,0.030491488,0.022080583,0.266803793,0.705152858,0.724155623,8.750107305
483,20:43:10:367,-6.65E-06,-2.91E-05,0.001528057,9.34E-05,0.03023535,0.021919174,0.263518426,0.708798209,0.724951873,8.715573731
484,20:43:10:893,4.26E-05,3.18E-05,0.001613354,0.000262814,0.031139153,0.022685094,0.272931975,0.7092561,0.728507076,8.764913165
485,20:43:11:420,-4.85E-05,1.04E-05,0.001632073,0.000224507,0.030999668,0.022588375,0.271126794,0.710268598,0.728665064,8.746119161
486,20:43:11:946,-3.98E-05,2.29E-06,0.00164084,0.000160983,0.031239308,0.02275415,0.27243294,0.711710696,0.728382001,8.720837771
487,20:43:12:473,2.25E-05,-0.000127485,0.001684203,0.000145519,0.03161474,0.023001799,0.276670059,0.707589651,0.727565652,8.751299511
488,20:43:13:000,-1.78E-05,-2.89E-05,0.001748422,0.00013172,0.03251573,0.023607108,0.28404381,0.708685414,0.726021152,8.735581485
489,20:43:13:526,-2.39E-05,-2.94E-06,0.001596057,3.99E-05,0.031308469,0.022745399,0.27416137,0.709819143,0.726493509,8.756779906
490,20:43:14:052,1.37E-05,-0.000103911,0.001637523,0.000167168,0.030175793,0.021875222,0.263386804,0.705915463,0.724926183,8.728413683
491,20:43:14:579,9.68E-05,1.02E-05,0.001548196,7.94E-05,0.029712557,0.021614153,0.260014792,0.710678472,0.727441696,8.751006997
492,20:43:15:105,1.87E-05,5.16E-05,0.001523082,6.94E-05,0.02891746,0.020914098,0.251592242,0.709555498,0.723234282,8.700357695
493,20:43:15:633,-2.54E-05,4.73E-05,0.001611933,9.18E-05,0.03014411,0.0218894,0.263338457,0.710588499,0.726158451,8.735983868
494,20:43:16:158,-5.23E-06,-3.72E-05,0.001556015,0.000153845,0.029299642,0.021344177,0.256573855,0.70952571,0.728479108,8.756893815
495,20:43:16:686,3.83E-05,-1.04E-06,0.001584684,0.000209042,0.030734343,0.022274402,0.268417399,0.706913294,0.72473981,8.733467864
496,20:43:17:212,3.76E-05,7.25E-05,0.001648186,0.000113164,0.031359269,0.022700938,0.272883193,0.709970637,0.723898834,8.701835294
497,20:43:17:739,7.55E-05,-3.60E-05,0.001678753,0.000164551,0.030844231,0.022220507,0.268143429,0.704263532,0.720410464,8.693470957
498,20:43:18:265,-4.62E-05,-4.22E-05,0.001613591,6.32E-05,0.030906689,0.022397804,0.269913979,0.708004288,0.724691156,8.733189613
499,20:43:18:792,8.95E-05,8.66E-05,0.001603403,0.000108168,0.030333985,0.022145579,0.265755059,0.713920489,0.73005833,8.76096744
500,20:43:19:318,4.02E-05,-3.15E-05,0.001639419,0.000142426,0.031174922,0.022752731,0.272767582,0.711571625,0.729840832,8.749583504
501,20:43:19:845,6.82E-05,-0.000100578,0.001796293,0.00013624,0.032476332,0.023467698,0.283197854,0.704708025,0.722609247,8.720130491
502,20:43:20:371,2.96E-05,-2.13E-05,0.001835634,0.000160507,0.031914185,0.023179473,0.278128484,0.7095568,0.726306277,8.714886097
503,20:43:20:898,-5.94E-05,0.000125422,0.001806958,7.46E-05,0.032722057,0.023677175,0.285188272,0.710501139,0.723584549,8.715474956
504,20:43:21:424,9.21E-06,-4.18E-05,0.001706952,0.000162886,0.032315652,0.023408768,0.281742579,0.707169713,0.724378639,8.718455584
505,20:43:21:950,4.24E-06,4.68E-06,0.001755058,0.000117684,0.03282261,0.023756007,0.286734745,0.70723039,0.723769594,8.735891125
506,20:43:22:477,7.57E-05,2.90E-05,0.001747238,0.000160983,0.032434309,0.023586988,0.283444944,0.710363122,0.727223379,8.73904668
507,20:43:23:003,6.79E-05,6.30E-05,0.001716431,6.56E-05,0.032905734,0.023719313,0.286612328,0.707026805,0.720826121,8.710102848
508,20:43:23:531,3.15E-05,-1.56E-05,0.001685625,0.000173592,0.032445054,0.023646875,0.283825019,0.710643428,0.728828358,8.747867157
509,20:43:24:058,9.18E-05,-0.00011296,0.00177449,0.000104837,0.03256301,0.023595509,0.284182201,0.706552288,0.724610824,8.727147859
510,20:43:24:584,-1.87E-05,2.92E-05,0.001546301,0.000144091,0.031195668,0.022654114,0.272892357,0.709158325,0.726194235,8.747764456
511,20:43:25:111,-0.000120262,-1.39E-05,0.001651266,0.000253297,0.031860254,0.023033262,0.27757666,0.705350746,0.722946593,8.712317846
512,20:43:25:637,2.82E-06,-4.25E-05,0.001685388,0.000186678,0.031247893,0.022626447,0.273369755,0.705256809,0.724095105,8.748421887
513,20:43:26:164,-8.22E-05,3.94E-05,0.001674251,0.000179302,0.031320632,0.022952122,0.274641194,0.714521369,0.732811596,8.768698983
514,20:43:26:690,-6.23E-05,-3.18E-06,0.001739654,0.000109833,0.031529576,0.023009842,0.276063903,0.712206723,0.729785971,8.755712555
515,20:43:27:217,0.000140353,1.04E-05,0.001768329,0.000138381,0.03169013,0.022983584,0.276724861,0.70863702,0.725260015,8.732209833
516,20:43:27:743,2.22E-05,-1.99E-06,0.001757902,0.000130055,0.032126355,0.023368774,0.281369871,0.709571826,0.727401959,8.758225736
517,20:43:28:269,-1.02E-05,-1.75E-05,0.001702924,8.41E-05,0.031689175,0.023018358,0.277546942,0.708837614,0.72637922,8.758414806
518,20:43:28:796,-7.67E-05,-4.25E-05,0.001842744,0.000120063,0.033352414,0.024372199,0.291766345,0.712757569,0.730747653,8.747982716
519,20:43:29:322,6.34E-05,-5.56E-05,0.001717853,0.000186678,0.032152611,0.023222535,0.280211929,0.704694363,0.722259703,8.715059787
520,20:43:29:850,-2.25E-05,1.21E-05,0.001694156,0.000233548,0.031829233,0.023242648,0.278321766,0.711865276,0.730229582,8.744218316
521,20:43:30:375,2.96E-05,-6.04E-06,0.001532085,0.000394401,0.030426197,0.022254309,0.266898202,0.709336442,0.731419362,8.771987054
522,20:43:30:903,9.24E-07,1.34E-06,0.001577339,9.72E-05,0.029154906,0.021110186,0.254959277,0.707196836,0.724069761,8.744987184
523,20:43:31:430,1.77E-05,3.90E-05,0.001618804,0.000134813,0.030282523,0.022013464,0.264805561,0.710283874,0.726936259,8.744501419
524,20:43:31:957,-2.09E-05,2.13E-05,0.001587764,0.00014766,0.029662792,0.021532656,0.25898706,0.709305953,0.725914672,8.731041093
525,20:43:32:483,2.60E-05,-1.75E-06,0.001650081,0.000210232,0.031670089,0.02286342,0.276587996,0.70421163,0.721924723,8.733413969
526,20:43:33:009,-3.27E-05,1.82E-06,0.001841322,0.000131958,0.032752867,0.02376453,0.285808942,0.709167292,0.725570976,8.726226694
527,20:43:33:536,4.07E-05,1.34E-06,0.001793686,8.20E-05,0.032139244,0.023379896,0.281220227,0.710609134,0.727456314,8.750057196
528,20:43:34:062,-2.01E-05,5.64E-05,0.001669986,0.000138857,0.031501428,0.022743507,0.274357809,0.707166763,0.72198338,8.70937692
529,20:43:34:590,-8.36E-05,1.92E-05,0.001745105,0.000155035,0.03407089,0.024861967,0.298638223,0.711701668,0.729712876,8.765201805
530,20:43:35:117,7.55E-06,1.37E-05,0.001896782,9.44E-05,0.034437842,0.02511841,0.301595923,0.712309643,0.729383982,8.757689332
531,20:43:35:643,3.15E-05,6.25E-05,0.00192072,0.000251631,0.035893844,0.026062731,0.313536902,0.70910144,0.726105863,8.735116331
532,20:43:36:169,-2.94E-05,-9.77E-05,0.001878769,0.000196194,0.036647407,0.026651935,0.320521471,0.707957463,0.727252949,8.746088746
533,20:43:36:696,-1.30E-05,2.35E-05,0.001914084,0.000119349,0.036231561,0.026334664,0.31701659,0.71007311,0.726843196,8.749735795
534,20:43:37:222,2.96E-05,-8.06E-05,0.001854357,0.000196432,0.035763523,0.025863802,0.312695636,0.704272248,0.723189433,8.74342373
535,20:43:37:749,1.68E-05,-1.89E-05,0.001974288,0.000303502,0.03695282,0.026868798,0.322708952,0.708431294,0.727110894,8.732999211
536,20:43:38:276,-6.65E-06,-4.99E-05,0.001787999,0.000316113,0.034928197,0.025263468,0.304367633,0.704642861,0.723297229,8.714095113
537,20:43:38:802,2.15E-05,-0.000101768,0.001903181,0.000182633,0.034763365,0.025283821,0.304083074,0.707863484,0.727312227,8.747227745
538,20:43:39:328,1.54E-05,6.16E-05,0.00191598,8.70E-05,0.03574559,0.025897191,0.311702777,0.709930506,0.724486309,8.720034398
539,20:43:39:855,-6.06E-05,3.89E-07,0.001752688,0.000151466,0.033975652,0.024596794,0.296218374,0.70770435,0.72395355,8.718548659
540,20:43:40:381,3.90E-05,2.25E-05,0.001863837,0.000186915,0.034597605,0.025102557,0.30270283,0.708003892,0.725557651,8.749242264
541,20:43:40:907,-2.37E-05,-5.01E-05,0.001770699,0.000108644,0.033909779,0.0245314,0.295897048,0.706550232,0.723431446,8.726009446
542,20:43:41:434,-6.77E-05,-1.06E-05,0.001920009,0.0001272,0.034703889,0.025202177,0.304222748,0.708089117,0.726206129,8.76624364
543,20:43:41:962,0.000119284,-4.15E-05,0.001887301,0.000132434,0.034449304,0.024952981,0.300999458,0.706867692,0.724339183,8.737461183
544,20:43:42:489,3.55E-05,-5.15E-05,0.001816911,0.000149087,0.035006801,0.025265835,0.305319957,0.704660434,0.721740759,8.721732687
545,20:43:43:015,1.04E-05,-8.99E-05,0.001987088,0.000183109,0.035641348,0.02575204,0.311543461,0.703719095,0.722532739,8.74106852
546,20:43:43:541,4.05E-05,2.21E-05,0.001842507,0.000176923,0.035300483,0.025565957,0.308618224,0.707123103,0.724238174,8.742606359
547,20:43:44:068,-1.16E-05,-1.89E-05,0.001786814,0.000132434,0.034817829,0.025237673,0.304486836,0.707437583,0.72484915,8.745141441
548,20:43:44:594,-2.35E-05,-4.14E-06,0.001824021,0.000283991,0.035278017,0.025585369,0.30842593,0.706493548,0.725249622,8.742722902
549,20:43:45:121,-3.29E-05,2.25E-05,0.001808854,0.000196432,0.034532646,0.025053342,0.301529543,0.708550867,0.725497326,8.731724216
550,20:43:45:648,7.24E-05,-2.58E-05,0.001838478,0.000142426,0.03537075,0.025641475,0.308690274,0.70806204,0.724934459,8.727275415
551,20:43:46:174,-2.25E-05,-2.60E-05,0.001771884,0.000142188,0.033771602,0.024411286,0.294277004,0.706466784,0.722834711,8.713741425
552,20:43:46:700,-6.44E-05,1.54E-05,0.0018399,0.000113402,0.034797046,0.025226314,0.303371848,0.709410132,0.724955627,8.718321852
553,20:43:47:226,6.77E-05,-8.69E-08,0.001829946,0.000206187,0.034922702,0.025337544,0.305287124,0.707718258,0.725532153,8.741795522
554,20:43:47:753,-5.59E-05,-2.91E-05,0.001808854,0.000158366,0.0336103,0.024345667,0.293269792,0.707214495,0.724351389,8.725592823
555,20:43:48:279,-6.98E-05,-3.56E-05,0.001860993,0.000166931,0.032998182,0.023897825,0.288638866,0.70594523,0.724216407,8.747114103
556,20:43:48:806,-4.36E-05,-0.000138676,0.001731834,0.000258293,0.032827864,0.023926002,0.287330149,0.707388941,0.728832107,8.752629936
557,20:43:49:332,6.37E-05,-2.51E-05,0.001822125,0.000185012,0.033900471,0.024596083,0.296150017,0.707730844,0.725538098,8.735867413
558,20:43:49:860,3.71E-05,-2.70E-05,0.001721644,0.00013172,0.033190272,0.024056003,0.290646095,0.70667997,0.724790775,8.756966213
559,20:43:50:387,-0.000103458,3.54E-05,0.001829235,0.00018644,0.03460477,0.025005128,0.302130111,0.706065525,0.722591943,8.730880449
560,20:43:50:913,9.63E-05,5.92E-05,0.001964807,0.000149325,0.035152317,0.025316953,0.306077722,0.70551666,0.720207253,8.707184957
561,20:43:51:440,-1.38E-05,-9.94E-05,0.001873555,0.000158366,0.0348539,0.025464407,0.306162734,0.70987058,0.730604238,8.784174311
562,20:43:51:966,-1.56E-05,-7.25E-05,0.001919061,0.000139571,0.035387242,0.02567462,0.308733013,0.708065265,0.725533235,8.724415887
563,20:43:52:493,-6.37E-05,-1.44E-05,0.001806484,0.000157652,0.034532169,0.024959381,0.302075451,0.70508812,0.722786365,8.747653662
564,20:43:53:019,5.54E-05,6.37E-05,0.001883983,0.000148136,0.035887387,0.025974865,0.312631138,0.70895731,0.723788146,8.711448844
565,20:43:53:546,-1.38E-05,-8.69E-08,0.001970495,0.000175733,0.035645412,0.025773113,0.311092233,0.706253484,0.723041531,8.727413053
566,20:43:54:072,-8.31E-06,-6.04E-06,0.00188659,0.000127914,0.035612659,0.025933896,0.312307059,0.710027767,0.728221282,8.769551892
567,20:43:54:598,7.29E-05,-1.01E-05,0.002051563,0.000182871,0.0380086,0.027497852,0.331371225,0.706940204,0.723463958,8.71832238
568,20:43:55:125,-6.89E-06,-3.13E-05,0.0020985,0.000218797,0.039661099,0.02868211,0.345251296,0.706640441,0.723179913,8.705035975
569,20:43:55:651,-3.62E-05,3.44E-05,0.002309981,0.000214038,0.042063489,0.030591837,0.367411796,0.710503655,0.727277693,8.734696163
570,20:43:56:179,1.84E-05,-3.84E-05,0.002410048,0.000171927,0.044971683,0.03251391,0.391556705,0.707009141,0.722986296,8.706738995
571,20:43:56:704,1.06E-05,-8.99E-05,0.002474551,0.000112688,0.045870471,0.033237584,0.402165025,0.706018571,0.724596537,8.767405668
572,20:43:57:232,8.97E-05,1.47E-05,0.002540718,0.000228314,0.048498515,0.035143994,0.42308803,0.708229636,0.724640616,8.723731694
573,20:43:57:759,-5.70E-06,1.94E-05,0.002630845,0.000208566,0.048586004,0.035147089,0.424877476,0.706367583,0.723399455,8.744853205
574,20:43:58:286,1.35E-05,-3.94E-05,0.002714339,0.000144091,0.051063854,0.037104118,0.447095669,0.708999943,0.726621975,8.755619452
575,20:43:58:812,-2.32E-05,-1.99E-06,0.002749921,0.000255676,0.05144319,0.037330131,0.449472043,0.708375237,0.725657378,8.737250539
576,20:43:59:338,-9.00E-05,-2.53E-05,0.002840542,0.000253297,0.053391151,0.03873689,0.467274912,0.707493775,0.725530142,8.751916748
577,20:43:59:865,6.37E-06,-1.03E-05,0.002836509,0.00020928,0.053633931,0.038979017,0.468851723,0.70960648,0.726760409,8.741699857
578,20:44:00:391,-3.58E-05,-3.94E-05,0.003008758,0.00025639,0.057120924,0.041348158,0.498698244,0.706726119,0.723870598,8.730570254
579,20:44:00:919,7.55E-06,-3.20E-05,0.003084452,0.000318968,0.056572137,0.041061526,0.495352576,0.707207193,0.725825956,8.756122683
580,20:44:01:444,-8.43E-05,-8.18E-06,0.003026554,0.000160031,0.057019257,0.041257219,0.498305308,0.707040607,0.723566409,8.739245913
581,20:44:01:972,1.42E-05,1.44E-05,0.002956083,0.000140998,0.05618312,0.040795253,0.491881702,0.709231554,0.726112274,8.754972996
582,20:44:02:499,-1.66E-05,7.14E-05,0.003045062,0.000180492,0.056698141,0.040832947,0.494031377,0.705419984,0.720181404,8.713361041
583,20:44:03:025,7.19E-05,-1.10E-05,0.002929035,0.000212373,0.055189145,0.040185909,0.482765723,0.710744429,0.728148781,8.74747604
584,20:44:03:551,3.76E-05,-2.27E-05,0.003106996,0.000181681,0.057317527,0.041412608,0.500992238,0.705667014,0.722512117,8.740646487
585,20:44:04:078,-4.48E-05,5.06E-05,0.002986454,0.000131244,0.055968646,0.040547178,0.489634729,0.708318857,0.724462373,8.748375488
586,20:44:04:605,-6.77E-05,-6.75E-06,0.002972929,0.000157652,0.056478007,0.040865394,0.493425434,0.707165093,0.723562956,8.736594335
587,20:44:05:131,6.20E-05,-0.00016201,0.003165611,0.00019667,0.05768064,0.041781006,0.505058636,0.705395341,0.724350585,8.756120452
588,20:44:05:657,-4.05E-06,1.16E-05,0.00300069,0.000103648,0.055878594,0.040450588,0.488251227,0.70800364,0.723901319,8.737714895
589,20:44:06:184,-4.28E-06,1.90E-05,0.002808752,0.000158604,0.053167952,0.038447368,0.464496645,0.706941731,0.723130497,8.73640278
590,20:44:06:710,-9.42E-05,4.28E-05,0.00251961,0.000188105,0.046944352,0.034180581,0.410819447,0.711119235,0.728108477,8.751200677
591,20:44:07:236,-4.85E-05,2.21E-05,0.002267302,9.51E-05,0.04014422,0.029138601,0.351010062,0.709654462,0.725847976,8.743726099
592,20:44:07:763,-8.93E-05,-7.47E-06,0.002025488,0.000153132,0.035517514,0.025678645,0.310163194,0.706110163,0.722985423,8.732683176
593,20:44:08:291,-3.53E-05,-1.22E-05,0.002034022,6.08E-05,0.037797894,0.027294605,0.3304661,0.7058434,0.722119734,8.74297658
594,20:44:08:818,-6.70E-05,-9.85E-06,0.001987088,6.13E-05,0.037616641,0.027304565,0.328751809,0.709674532,0.725863988,8.739531318
595,20:44:09:344,0.000115969,-6.75E-06,0.00171335,5.87E-05,0.031417227,0.022888966,0.275078825,0.711570856,0.728548236,8.75566843
596,20:44:09:871,3.64E-05,-3.34E-05,0.001175101,8.91E-05,0.022326886,0.016214604,0.196541112,0.705824281,0.726236732,8.802889746
597,20:44:10:397,0.000113602,0.000105416,0.000724021,1.09E-05,0.013356394,0.009594333,0.116579329,0.707773078,0.71833258,8.728353326
598,20:44:10:924,6.60E-05,6.30E-05,0.000416788,4.85E-05,0.007470305,0.00549047,0.064673375,0.725157587,0.7349726,8.657393642
599,20:44:11:450,7.67E-05,4.90E-05,0.000126684,4.21E-06,0.003662809,0.00273278,0.032978374,0.727397775,0.746088436,9.003573775
600,20:44:11:977,2.15E-05,-6.52E-06,9.02E-05,3.74E-06,0.002162774,0.001477242,0.018318189,0.676976014,0.683031094,8.469766503
601,20:44:12:503,-9.61E-05,-8.90E-06,9.95E-05,-0.000123995,0.000987554,0.000667995,0.008685186,0.703935967,0.676413212,8.794643251
602,20:44:13:031,4.50E-05,-4.77E-05,4.55E-05,-2.60E-05,0.000432508,0.00030805,0.004033484,0.647384399,0.712239373,9.325793276
603,20:44:13:558,-2.35E-05,-4.20E-05,-8.69E-05,-4.31E-05,0.000250379,0.000192072,0.002415407,0.697389481,0.767125436,9.647012504
604,20:44:14:085,-4.55E-05,-5.87E-05,-1.05E-05,-4.84E-05,0.00012319,0.000145778,0.000986325,1.11422366,1.183364718,8.006558707
605,20:44:14:611,-4.12E-05,4.68E-06,5.03E-05,0.000104361,6.55E-05,6.02E-05,0.000804559,,0.919710828,12.28952286
606,20:44:15:138,1.51E-05,-9.30E-05,-2.76E-05,-2.69E-06,8.00E-05,-7.12E-05,0.000208241,,-0.889400207,2.60253637
607,20:44:15:664,9.06E-05,-2.08E-05,4.77E-05,7.32E-05,3.10E-05,5.58E-05,6.57E-05,,1.800393494,2.122210024
608,20:44:16:190,4.61E-05,-2.56E-05,-4.98E-05,-3.05E-05,9.20E-05,-1.25E-05,6.86E-05,-0.420073307,-0.135812983,0.745614109
609,20:44:16:717,-5.94E-06,1.75E-05,-7.32E-05,8.49E-06,-6.45E-05,-2.84E-05,-7.63E-05,1.186569622,0.440032878,1.18225806
